logline,is_anomaly,_id,timestamp,group_id,processing_time_seconds,analysis_date,file_processed
Created MRAppMaster for application appattempt_1445144423722_0020_000001,0.0,0,2015-10-18 18:01:47.978,0,2.015634298324585,2025-07-08T11:40:23.398354,Hadoop_2k.log_structured_small.csv
Executing with tokens:,0.0,1,2015-10-18 18:01:48.963,1,2.015634298324585,2025-07-08T11:40:23.398354,Hadoop_2k.log_structured_small.csv
"Kind: YARN_AM_RM_TOKEN, Service: , Ident: (appAttemptId { application_id { id: 20 cluster_timestamp: 1445144423722 } attemptId: 1 } keyId: -127633188)",0.0,2,2015-10-18 18:01:48.963,2,2.015634298324585,2025-07-08T11:40:23.398354,Hadoop_2k.log_structured_small.csv
Using mapred newApiCommitter.,0.0,3,2015-10-18 18:01:49.228,3,2.015634298324585,2025-07-08T11:40:23.398354,Hadoop_2k.log_structured_small.csv
OutputCommitter set in config null,0.0,4,2015-10-18 18:01:50.353,4,2.015634298324585,2025-07-08T11:40:23.398354,Hadoop_2k.log_structured_small.csv
OutputCommitter is org.apache.hadoop.mapreduce.lib.output.FileOutputCommitter,0.0,5,2015-10-18 18:01:50.509,5,2.015634298324585,2025-07-08T11:40:23.398354,Hadoop_2k.log_structured_small.csv
Registering class org.apache.hadoop.mapreduce.jobhistory.EventType for class org.apache.hadoop.mapreduce.jobhistory.JobHistoryEventHandler,0.0,6,2015-10-18 18:01:50.556,6,2.015634298324585,2025-07-08T11:40:23.398354,Hadoop_2k.log_structured_small.csv
Registering class org.apache.hadoop.mapreduce.v2.app.job.event.JobEventType for class org.apache.hadoop.mapreduce.v2.app.MRAppMaster$JobEventDispatcher,0.0,7,2015-10-18 18:01:50.556,7,2.015634298324585,2025-07-08T11:40:23.398354,Hadoop_2k.log_structured_small.csv
Registering class org.apache.hadoop.mapreduce.v2.app.job.event.TaskEventType for class org.apache.hadoop.mapreduce.v2.app.MRAppMaster$TaskEventDispatcher,0.0,8,2015-10-18 18:01:50.556,8,2.015634298324585,2025-07-08T11:40:23.398354,Hadoop_2k.log_structured_small.csv
Registering class org.apache.hadoop.mapreduce.v2.app.job.event.TaskAttemptEventType for class org.apache.hadoop.mapreduce.v2.app.MRAppMaster$TaskAttemptEventDispatcher,0.0,9,2015-10-18 18:01:50.556,9,2.015634298324585,2025-07-08T11:40:23.398354,Hadoop_2k.log_structured_small.csv
Registering class org.apache.hadoop.mapreduce.v2.app.commit.CommitterEventType for class org.apache.hadoop.mapreduce.v2.app.commit.CommitterEventHandler,0.0,10,2015-10-18 18:01:50.572,10,2.015634298324585,2025-07-08T11:40:23.398354,Hadoop_2k.log_structured_small.csv
Registering class org.apache.hadoop.mapreduce.v2.app.speculate.Speculator$EventType for class org.apache.hadoop.mapreduce.v2.app.MRAppMaster$SpeculatorEventDispatcher,0.0,11,2015-10-18 18:01:50.572,11,2.015634298324585,2025-07-08T11:40:23.398354,Hadoop_2k.log_structured_small.csv
Registering class org.apache.hadoop.mapreduce.v2.app.rm.ContainerAllocator$EventType for class org.apache.hadoop.mapreduce.v2.app.MRAppMaster$ContainerAllocatorRouter,0.0,12,2015-10-18 18:01:50.572,12,2.015634298324585,2025-07-08T11:40:23.398354,Hadoop_2k.log_structured_small.csv
Registering class org.apache.hadoop.mapreduce.v2.app.launcher.ContainerLauncher$EventType for class org.apache.hadoop.mapreduce.v2.app.MRAppMaster$ContainerLauncherRouter,0.0,13,2015-10-18 18:01:50.588,13,2.015634298324585,2025-07-08T11:40:23.398354,Hadoop_2k.log_structured_small.csv
Default file system [hdfs://msra-sa-41:9000],1.0,14,2015-10-18 18:01:50.634,14,2.015634298324585,2025-07-08T11:40:23.398354,Hadoop_2k.log_structured_small.csv
Default file system [hdfs://msra-sa-41:9000],1.0,15,2015-10-18 18:01:50.666,15,2.015634298324585,2025-07-08T11:40:23.398354,Hadoop_2k.log_structured_small.csv
Default file system [hdfs://msra-sa-41:9000],1.0,16,2015-10-18 18:01:50.713,16,2.015634298324585,2025-07-08T11:40:23.398354,Hadoop_2k.log_structured_small.csv
Emitting job history data to the timeline server is not enabled,0.0,17,2015-10-18 18:01:50.728,17,2.015634298324585,2025-07-08T11:40:23.398354,Hadoop_2k.log_structured_small.csv
Registering class org.apache.hadoop.mapreduce.v2.app.job.event.JobFinishEvent$Type for class org.apache.hadoop.mapreduce.v2.app.MRAppMaster$JobFinishEventHandler,0.0,18,2015-10-18 18:01:50.806,18,2.015634298324585,2025-07-08T11:40:23.398354,Hadoop_2k.log_structured_small.csv
loaded properties from hadoop-metrics2.properties,0.0,19,2015-10-18 18:01:51.197,19,2.015634298324585,2025-07-08T11:40:23.398354,Hadoop_2k.log_structured_small.csv
Scheduled snapshot period at 10 second(s).,0.0,20,2015-10-18 18:01:51.306,20,2.015634298324585,2025-07-08T11:40:23.398354,Hadoop_2k.log_structured_small.csv
MRAppMaster metrics system started,0.0,21,2015-10-18 18:01:51.306,21,2.015634298324585,2025-07-08T11:40:23.398354,Hadoop_2k.log_structured_small.csv
Adding job token for job_1445144423722_0020 to jobTokenSecretManager,0.0,22,2015-10-18 18:01:51.322,22,2.015634298324585,2025-07-08T11:40:23.398354,Hadoop_2k.log_structured_small.csv
Not uberizing job_1445144423722_0020 because: not enabled; too many maps; too much input;,0.0,23,2015-10-18 18:01:51.619,23,2.015634298324585,2025-07-08T11:40:23.398354,Hadoop_2k.log_structured_small.csv
Input size for job job_1445144423722_0020 = 1256521728. Number of splits = 10,0.0,24,2015-10-18 18:01:51.650,24,2.015634298324585,2025-07-08T11:40:23.398354,Hadoop_2k.log_structured_small.csv
Number of reduces for job job_1445144423722_0020 = 1,0.0,25,2015-10-18 18:01:51.650,25,2.015634298324585,2025-07-08T11:40:23.398354,Hadoop_2k.log_structured_small.csv
job_1445144423722_0020Job Transitioned from NEW to INITED,0.0,26,2015-10-18 18:01:51.650,26,2.015634298324585,2025-07-08T11:40:23.398354,Hadoop_2k.log_structured_small.csv
"MRAppMaster launching normal, non-uberized, multi-container job job_1445144423722_0020.",0.0,27,2015-10-18 18:01:51.650,27,2.015634298324585,2025-07-08T11:40:23.398354,Hadoop_2k.log_structured_small.csv
Using callQueue class java.util.concurrent.LinkedBlockingQueue,0.0,28,2015-10-18 18:01:51.713,28,2.015634298324585,2025-07-08T11:40:23.398354,Hadoop_2k.log_structured_small.csv
Starting Socket Reader #1 for port 62260,0.0,29,2015-10-18 18:01:51.775,29,2.015634298324585,2025-07-08T11:40:23.398354,Hadoop_2k.log_structured_small.csv
Adding protocol org.apache.hadoop.mapreduce.v2.api.MRClientProtocolPB to the server,0.0,30,2015-10-18 18:01:51.791,30,2.015634298324585,2025-07-08T11:40:23.398354,Hadoop_2k.log_structured_small.csv
Instantiated MRClientService at MININT-FNANLI5.fareast.corp.microsoft.com/10.86.169.121:62260,0.0,31,2015-10-18 18:01:51.791,31,2.015634298324585,2025-07-08T11:40:23.398354,Hadoop_2k.log_structured_small.csv
IPC Server Responder: starting,0.0,32,2015-10-18 18:01:51.806,32,2.015634298324585,2025-07-08T11:40:23.398354,Hadoop_2k.log_structured_small.csv
IPC Server listener on 62260: starting,0.0,33,2015-10-18 18:01:51.806,33,2.015634298324585,2025-07-08T11:40:23.398354,Hadoop_2k.log_structured_small.csv
Logging to org.slf4j.impl.Log4jLoggerAdapter(org.mortbay.log) via org.mortbay.log.Slf4jLog,0.0,34,2015-10-18 18:01:51.885,34,2.015634298324585,2025-07-08T11:40:23.398354,Hadoop_2k.log_structured_small.csv
Http request log for http.requests.mapreduce is not defined,0.0,35,2015-10-18 18:01:51.900,35,2.015634298324585,2025-07-08T11:40:23.398354,Hadoop_2k.log_structured_small.csv
Added global filter 'safety' (class=org.apache.hadoop.http.HttpServer2$QuotingInputFilter),0.0,36,2015-10-18 18:01:51.916,36,2.015634298324585,2025-07-08T11:40:23.398354,Hadoop_2k.log_structured_small.csv
Added filter AM_PROXY_FILTER (class=org.apache.hadoop.yarn.server.webproxy.amfilter.AmIpFilter) to context mapreduce,0.0,37,2015-10-18 18:01:51.916,37,2.015634298324585,2025-07-08T11:40:23.398354,Hadoop_2k.log_structured_small.csv
Added filter AM_PROXY_FILTER (class=org.apache.hadoop.yarn.server.webproxy.amfilter.AmIpFilter) to context static,0.0,38,2015-10-18 18:01:51.916,38,2.015634298324585,2025-07-08T11:40:23.398354,Hadoop_2k.log_structured_small.csv
adding path spec: /mapreduce/*,0.0,39,2015-10-18 18:01:51.947,39,2.015634298324585,2025-07-08T11:40:23.398354,Hadoop_2k.log_structured_small.csv
adding path spec: /ws/*,0.0,40,2015-10-18 18:01:51.947,40,2.015634298324585,2025-07-08T11:40:23.398354,Hadoop_2k.log_structured_small.csv
Jetty bound to port 62267,0.0,41,2015-10-18 18:01:51.963,41,2.015634298324585,2025-07-08T11:40:23.398354,Hadoop_2k.log_structured_small.csv
jetty-6.1.26,0.0,42,2015-10-18 18:01:51.963,42,2.015634298324585,2025-07-08T11:40:23.398354,Hadoop_2k.log_structured_small.csv
Extract jar:file:/D:/hadoop-2.6.0-localbox/share/hadoop/yarn/hadoop-yarn-common-2.6.0-SNAPSHOT.jar!/webapps/mapreduce to C:\Users\msrabi\AppData\Local\Temp\Jetty_0_0_0_0_62267_mapreduce____.8n7xum\webapp,0.0,43,2015-10-18 18:01:52.088,43,2.015634298324585,2025-07-08T11:40:23.398354,Hadoop_2k.log_structured_small.csv
Started HttpServer2$SelectChannelConnectorWithSafeStartup@0.0.0.0:62267,0.0,44,2015-10-18 18:01:52.728,44,2.015634298324585,2025-07-08T11:40:23.398354,Hadoop_2k.log_structured_small.csv
Web app /mapreduce started at 62267,0.0,45,2015-10-18 18:01:52.728,45,2.015634298324585,2025-07-08T11:40:23.398354,Hadoop_2k.log_structured_small.csv
Registered webapp guice modules,0.0,46,2015-10-18 18:01:53.400,46,2.015634298324585,2025-07-08T11:40:23.398354,Hadoop_2k.log_structured_small.csv
Using callQueue class java.util.concurrent.LinkedBlockingQueue,0.0,47,2015-10-18 18:01:53.400,47,2.015634298324585,2025-07-08T11:40:23.398354,Hadoop_2k.log_structured_small.csv
JOB_CREATE job_1445144423722_0020,0.0,48,2015-10-18 18:01:53.447,48,2.015634298324585,2025-07-08T11:40:23.398354,Hadoop_2k.log_structured_small.csv
nodeBlacklistingEnabled:true,0.0,49,2015-10-18 18:01:53.447,49,2.015634298324585,2025-07-08T11:40:23.398354,Hadoop_2k.log_structured_small.csv
maxTaskFailuresPerNode is 3,0.0,50,2015-10-18 18:01:53.447,50,2.015634298324585,2025-07-08T11:40:23.398354,Hadoop_2k.log_structured_small.csv
blacklistDisablePercent is 33,0.0,51,2015-10-18 18:01:53.447,51,2.015634298324585,2025-07-08T11:40:23.398354,Hadoop_2k.log_structured_small.csv
Starting Socket Reader #1 for port 62270,0.0,52,2015-10-18 18:01:53.510,52,2.015634298324585,2025-07-08T11:40:23.398354,Hadoop_2k.log_structured_small.csv
IPC Server listener on 62270: starting,0.0,53,2015-10-18 18:01:53.510,53,2.015634298324585,2025-07-08T11:40:23.398354,Hadoop_2k.log_structured_small.csv
IPC Server Responder: starting,0.0,54,2015-10-18 18:01:53.510,54,2.015634298324585,2025-07-08T11:40:23.398354,Hadoop_2k.log_structured_small.csv
Connecting to ResourceManager at msra-sa-41/10.190.173.170:8030,0.0,55,2015-10-18 18:01:53.557,55,2.015634298324585,2025-07-08T11:40:23.398354,Hadoop_2k.log_structured_small.csv
"maxContainerCapability: <memory:8192, vCores:32>",0.0,56,2015-10-18 18:01:53.713,56,2.015634298324585,2025-07-08T11:40:23.398354,Hadoop_2k.log_structured_small.csv
queue: default,0.0,57,2015-10-18 18:01:53.713,57,2.015634298324585,2025-07-08T11:40:23.398354,Hadoop_2k.log_structured_small.csv
Upper limit on the thread pool size is 500,0.0,58,2015-10-18 18:01:53.713,58,2.015634298324585,2025-07-08T11:40:23.398354,Hadoop_2k.log_structured_small.csv
yarn.client.max-cached-nodemanagers-proxies : 0,0.0,59,2015-10-18 18:01:53.713,59,2.015634298324585,2025-07-08T11:40:23.398354,Hadoop_2k.log_structured_small.csv
job_1445144423722_0020Job Transitioned from INITED to SETUP,0.0,60,2015-10-18 18:01:53.744,60,2.015634298324585,2025-07-08T11:40:23.398354,Hadoop_2k.log_structured_small.csv
Processing the event EventType: JOB_SETUP,0.0,61,2015-10-18 18:01:53.775,61,2.015634298324585,2025-07-08T11:40:23.398354,Hadoop_2k.log_structured_small.csv
job_1445144423722_0020Job Transitioned from SETUP to RUNNING,0.0,62,2015-10-18 18:01:53.822,62,2.015634298324585,2025-07-08T11:40:23.398354,Hadoop_2k.log_structured_small.csv
Resolved MSRA-SA-39.fareast.corp.microsoft.com to /default-rack,0.0,63,2015-10-18 18:01:53.838,63,2.015634298324585,2025-07-08T11:40:23.398354,Hadoop_2k.log_structured_small.csv
Resolved MSRA-SA-41.fareast.corp.microsoft.com to /default-rack,0.0,64,2015-10-18 18:01:53.869,64,2.015634298324585,2025-07-08T11:40:23.398354,Hadoop_2k.log_structured_small.csv
task_1445144423722_0020_m_000000 Task Transitioned from NEW to SCHEDULED,1.0,65,2015-10-18 18:01:53.869,65,2.015634298324585,2025-07-08T11:40:23.398354,Hadoop_2k.log_structured_small.csv
Resolved MSRA-SA-39.fareast.corp.microsoft.com to /default-rack,0.0,66,2015-10-18 18:01:53.869,66,2.015634298324585,2025-07-08T11:40:23.398354,Hadoop_2k.log_structured_small.csv
Resolved MSRA-SA-41.fareast.corp.microsoft.com to /default-rack,0.0,67,2015-10-18 18:01:53.869,67,2.015634298324585,2025-07-08T11:40:23.398354,Hadoop_2k.log_structured_small.csv
task_1445144423722_0020_m_000001 Task Transitioned from NEW to SCHEDULED,1.0,68,2015-10-18 18:01:53.869,68,2.015634298324585,2025-07-08T11:40:23.398354,Hadoop_2k.log_structured_small.csv
Resolved MSRA-SA-39.fareast.corp.microsoft.com to /default-rack,0.0,69,2015-10-18 18:01:53.869,69,2.015634298324585,2025-07-08T11:40:23.398354,Hadoop_2k.log_structured_small.csv
Resolved MSRA-SA-41.fareast.corp.microsoft.com to /default-rack,0.0,70,2015-10-18 18:01:53.869,70,2.015634298324585,2025-07-08T11:40:23.398354,Hadoop_2k.log_structured_small.csv
task_1445144423722_0020_m_000002 Task Transitioned from NEW to SCHEDULED,1.0,71,2015-10-18 18:01:53.869,71,2.015634298324585,2025-07-08T11:40:23.398354,Hadoop_2k.log_structured_small.csv
Resolved MSRA-SA-39.fareast.corp.microsoft.com to /default-rack,0.0,72,2015-10-18 18:01:53.869,72,2.015634298324585,2025-07-08T11:40:23.398354,Hadoop_2k.log_structured_small.csv
Resolved MSRA-SA-41.fareast.corp.microsoft.com to /default-rack,0.0,73,2015-10-18 18:01:53.869,73,2.015634298324585,2025-07-08T11:40:23.398354,Hadoop_2k.log_structured_small.csv
task_1445144423722_0020_m_000003 Task Transitioned from NEW to SCHEDULED,1.0,74,2015-10-18 18:01:53.869,74,2.015634298324585,2025-07-08T11:40:23.398354,Hadoop_2k.log_structured_small.csv
Resolved MSRA-SA-39.fareast.corp.microsoft.com to /default-rack,0.0,75,2015-10-18 18:01:53.869,75,2.015634298324585,2025-07-08T11:40:23.398354,Hadoop_2k.log_structured_small.csv
Resolved MSRA-SA-41.fareast.corp.microsoft.com to /default-rack,0.0,76,2015-10-18 18:01:53.869,76,2.015634298324585,2025-07-08T11:40:23.398354,Hadoop_2k.log_structured_small.csv
task_1445144423722_0020_m_000004 Task Transitioned from NEW to SCHEDULED,1.0,77,2015-10-18 18:01:53.869,77,2.015634298324585,2025-07-08T11:40:23.398354,Hadoop_2k.log_structured_small.csv
Resolved MSRA-SA-39.fareast.corp.microsoft.com to /default-rack,0.0,78,2015-10-18 18:01:53.869,78,2.015634298324585,2025-07-08T11:40:23.398354,Hadoop_2k.log_structured_small.csv
Resolved MSRA-SA-41.fareast.corp.microsoft.com to /default-rack,0.0,79,2015-10-18 18:01:53.869,79,2.015634298324585,2025-07-08T11:40:23.398354,Hadoop_2k.log_structured_small.csv
task_1445144423722_0020_m_000005 Task Transitioned from NEW to SCHEDULED,1.0,80,2015-10-18 18:01:53.869,80,2.015634298324585,2025-07-08T11:40:23.398354,Hadoop_2k.log_structured_small.csv
Resolved MSRA-SA-39.fareast.corp.microsoft.com to /default-rack,0.0,81,2015-10-18 18:01:53.885,81,2.015634298324585,2025-07-08T11:40:23.398354,Hadoop_2k.log_structured_small.csv
Resolved MSRA-SA-41.fareast.corp.microsoft.com to /default-rack,0.0,82,2015-10-18 18:01:53.885,82,2.015634298324585,2025-07-08T11:40:23.398354,Hadoop_2k.log_structured_small.csv
task_1445144423722_0020_m_000006 Task Transitioned from NEW to SCHEDULED,1.0,83,2015-10-18 18:01:53.885,83,2.015634298324585,2025-07-08T11:40:23.398354,Hadoop_2k.log_structured_small.csv
Resolved MSRA-SA-39.fareast.corp.microsoft.com to /default-rack,0.0,84,2015-10-18 18:01:53.885,84,2.015634298324585,2025-07-08T11:40:23.398354,Hadoop_2k.log_structured_small.csv
Resolved MSRA-SA-41.fareast.corp.microsoft.com to /default-rack,0.0,85,2015-10-18 18:01:53.885,85,2.015634298324585,2025-07-08T11:40:23.398354,Hadoop_2k.log_structured_small.csv
task_1445144423722_0020_m_000007 Task Transitioned from NEW to SCHEDULED,1.0,86,2015-10-18 18:01:53.885,86,2.015634298324585,2025-07-08T11:40:23.398354,Hadoop_2k.log_structured_small.csv
Resolved MSRA-SA-39.fareast.corp.microsoft.com to /default-rack,0.0,87,2015-10-18 18:01:53.885,87,2.015634298324585,2025-07-08T11:40:23.398354,Hadoop_2k.log_structured_small.csv
Resolved MSRA-SA-41.fareast.corp.microsoft.com to /default-rack,0.0,88,2015-10-18 18:01:53.885,88,2.015634298324585,2025-07-08T11:40:23.398354,Hadoop_2k.log_structured_small.csv
task_1445144423722_0020_m_000008 Task Transitioned from NEW to SCHEDULED,1.0,89,2015-10-18 18:01:53.885,89,2.015634298324585,2025-07-08T11:40:23.398354,Hadoop_2k.log_structured_small.csv
Resolved MSRA-SA-39.fareast.corp.microsoft.com to /default-rack,0.0,90,2015-10-18 18:01:53.885,90,2.015634298324585,2025-07-08T11:40:23.398354,Hadoop_2k.log_structured_small.csv
Resolved MSRA-SA-41.fareast.corp.microsoft.com to /default-rack,0.0,91,2015-10-18 18:01:53.885,91,2.015634298324585,2025-07-08T11:40:23.398354,Hadoop_2k.log_structured_small.csv
task_1445144423722_0020_m_000009 Task Transitioned from NEW to SCHEDULED,1.0,92,2015-10-18 18:01:53.885,92,2.015634298324585,2025-07-08T11:40:23.398354,Hadoop_2k.log_structured_small.csv
task_1445144423722_0020_r_000000 Task Transitioned from NEW to SCHEDULED,1.0,93,2015-10-18 18:01:53.885,93,2.015634298324585,2025-07-08T11:40:23.398354,Hadoop_2k.log_structured_small.csv
attempt_1445144423722_0020_m_000000_0 TaskAttempt Transitioned from NEW to UNASSIGNED,1.0,94,2015-10-18 18:01:53.885,94,2.015634298324585,2025-07-08T11:40:23.398354,Hadoop_2k.log_structured_small.csv
attempt_1445144423722_0020_m_000001_0 TaskAttempt Transitioned from NEW to UNASSIGNED,1.0,95,2015-10-18 18:01:53.885,95,2.015634298324585,2025-07-08T11:40:23.398354,Hadoop_2k.log_structured_small.csv
attempt_1445144423722_0020_m_000002_0 TaskAttempt Transitioned from NEW to UNASSIGNED,1.0,96,2015-10-18 18:01:53.885,96,2.015634298324585,2025-07-08T11:40:23.398354,Hadoop_2k.log_structured_small.csv
attempt_1445144423722_0020_m_000003_0 TaskAttempt Transitioned from NEW to UNASSIGNED,1.0,97,2015-10-18 18:01:53.885,97,2.015634298324585,2025-07-08T11:40:23.398354,Hadoop_2k.log_structured_small.csv
attempt_1445144423722_0020_m_000004_0 TaskAttempt Transitioned from NEW to UNASSIGNED,1.0,98,2015-10-18 18:01:53.885,98,2.015634298324585,2025-07-08T11:40:23.398354,Hadoop_2k.log_structured_small.csv
attempt_1445144423722_0020_m_000005_0 TaskAttempt Transitioned from NEW to UNASSIGNED,1.0,99,2015-10-18 18:01:53.885,99,2.015634298324585,2025-07-08T11:40:23.398354,Hadoop_2k.log_structured_small.csv
attempt_1445144423722_0020_m_000006_0 TaskAttempt Transitioned from NEW to UNASSIGNED,1.0,100,2015-10-18 18:01:53.885,100,2.015634298324585,2025-07-08T11:40:23.398354,Hadoop_2k.log_structured_small.csv
attempt_1445144423722_0020_m_000007_0 TaskAttempt Transitioned from NEW to UNASSIGNED,1.0,101,2015-10-18 18:01:53.885,101,2.015634298324585,2025-07-08T11:40:23.398354,Hadoop_2k.log_structured_small.csv
attempt_1445144423722_0020_m_000008_0 TaskAttempt Transitioned from NEW to UNASSIGNED,1.0,102,2015-10-18 18:01:53.885,102,2.015634298324585,2025-07-08T11:40:23.398354,Hadoop_2k.log_structured_small.csv
attempt_1445144423722_0020_m_000009_0 TaskAttempt Transitioned from NEW to UNASSIGNED,1.0,103,2015-10-18 18:01:53.885,103,2.015634298324585,2025-07-08T11:40:23.398354,Hadoop_2k.log_structured_small.csv
attempt_1445144423722_0020_r_000000_0 TaskAttempt Transitioned from NEW to UNASSIGNED,1.0,104,2015-10-18 18:01:53.885,104,2.015634298324585,2025-07-08T11:40:23.398354,Hadoop_2k.log_structured_small.csv
"mapResourceRequest:<memory:1024, vCores:1>",0.0,105,2015-10-18 18:01:53.885,105,2.015634298324585,2025-07-08T11:40:23.398354,Hadoop_2k.log_structured_small.csv
"Event Writer setup for JobId: job_1445144423722_0020, File: hdfs://msra-sa-41:9000/tmp/hadoop-yarn/staging/msrabi/.staging/job_1445144423722_0020/job_1445144423722_0020_1.jhist",0.0,106,2015-10-18 18:01:53.900,106,2.015634298324585,2025-07-08T11:40:23.398354,Hadoop_2k.log_structured_small.csv
"reduceResourceRequest:<memory:1024, vCores:1>",0.0,107,2015-10-18 18:01:53.900,107,2.015634298324585,2025-07-08T11:40:23.398354,Hadoop_2k.log_structured_small.csv
Before Scheduling: PendingReds:1 ScheduledMaps:10 ScheduledReds:0 AssignedMaps:0 AssignedReds:0 CompletedMaps:0 CompletedReds:0 ContAlloc:0 ContRel:0 HostLocal:0 RackLocal:0,0.0,108,2015-10-18 18:01:54.791,108,2.015634298324585,2025-07-08T11:40:23.398354,Hadoop_2k.log_structured_small.csv
"getResources() for application_1445144423722_0020: ask=4 release= 0 newContainers=0 finishedContainers=0 resourcelimit=<memory:10240, vCores:-17> knownNMs=4",0.0,109,2015-10-18 18:01:54.838,109,2.015634298324585,2025-07-08T11:40:23.398354,Hadoop_2k.log_structured_small.csv
"Recalculating schedule, headroom=<memory:10240, vCores:-17>",0.0,110,2015-10-18 18:01:54.853,110,2.015634298324585,2025-07-08T11:40:23.398354,Hadoop_2k.log_structured_small.csv
Reduce slow start threshold not met. completedMapsForReduceSlowstart 1,0.0,111,2015-10-18 18:01:54.853,111,2.015634298324585,2025-07-08T11:40:23.398354,Hadoop_2k.log_structured_small.csv
"Recalculating schedule, headroom=<memory:10240, vCores:-17>",0.0,112,2015-10-18 18:01:55.854,112,2.015634298324585,2025-07-08T11:40:23.398354,Hadoop_2k.log_structured_small.csv
Reduce slow start threshold not met. completedMapsForReduceSlowstart 1,0.0,113,2015-10-18 18:01:55.854,113,2.015634298324585,2025-07-08T11:40:23.398354,Hadoop_2k.log_structured_small.csv
Got allocated containers 1,0.0,114,2015-10-18 18:01:56.916,114,2.015634298324585,2025-07-08T11:40:23.398354,Hadoop_2k.log_structured_small.csv
Resolved 04DN8IQ.fareast.corp.microsoft.com to /default-rack,0.0,115,2015-10-18 18:01:56.916,115,2.015634298324585,2025-07-08T11:40:23.398354,Hadoop_2k.log_structured_small.csv
Assigned container container_1445144423722_0020_01_000002 to attempt_1445144423722_0020_m_000000_0,0.0,116,2015-10-18 18:01:56.916,116,2.015634298324585,2025-07-08T11:40:23.398354,Hadoop_2k.log_structured_small.csv
"Recalculating schedule, headroom=<memory:8192, vCores:-19>",0.0,117,2015-10-18 18:01:56.916,117,2.015634298324585,2025-07-08T11:40:23.398354,Hadoop_2k.log_structured_small.csv
Reduce slow start threshold not met. completedMapsForReduceSlowstart 1,0.0,118,2015-10-18 18:01:56.916,118,2.015634298324585,2025-07-08T11:40:23.398354,Hadoop_2k.log_structured_small.csv
After Scheduling: PendingReds:1 ScheduledMaps:9 ScheduledReds:0 AssignedMaps:1 AssignedReds:0 CompletedMaps:0 CompletedReds:0 ContAlloc:1 ContRel:0 HostLocal:0 RackLocal:1,0.0,119,2015-10-18 18:01:56.916,119,2.015634298324585,2025-07-08T11:40:23.398354,Hadoop_2k.log_structured_small.csv
Resolved 04DN8IQ.fareast.corp.microsoft.com to /default-rack,0.0,120,2015-10-18 18:01:57.072,120,2.015634298324585,2025-07-08T11:40:23.398354,Hadoop_2k.log_structured_small.csv
The job-jar file on the remote FS is hdfs://msra-sa-41:9000/tmp/hadoop-yarn/staging/msrabi/.staging/job_1445144423722_0020/job.jar,0.0,121,2015-10-18 18:01:57.104,121,2.015634298324585,2025-07-08T11:40:23.398354,Hadoop_2k.log_structured_small.csv
The job-conf file on the remote FS is /tmp/hadoop-yarn/staging/msrabi/.staging/job_1445144423722_0020/job.xml,0.0,122,2015-10-18 18:01:57.119,122,2.015634298324585,2025-07-08T11:40:23.398354,Hadoop_2k.log_structured_small.csv
Adding #0 tokens and #1 secret keys for NM use for launching container,0.0,123,2015-10-18 18:01:57.119,123,2.015634298324585,2025-07-08T11:40:23.398354,Hadoop_2k.log_structured_small.csv
Size of containertokens_dob is 1,0.0,124,2015-10-18 18:01:57.119,124,2.015634298324585,2025-07-08T11:40:23.398354,Hadoop_2k.log_structured_small.csv
Putting shuffle token in serviceData,0.0,125,2015-10-18 18:01:57.119,125,2.015634298324585,2025-07-08T11:40:23.398354,Hadoop_2k.log_structured_small.csv
attempt_1445144423722_0020_m_000000_0 TaskAttempt Transitioned from UNASSIGNED to ASSIGNED,1.0,126,2015-10-18 18:01:57.260,126,2.015634298324585,2025-07-08T11:40:23.398354,Hadoop_2k.log_structured_small.csv
Processing the event EventType: CONTAINER_REMOTE_LAUNCH for container container_1445144423722_0020_01_000002 taskAttempt attempt_1445144423722_0020_m_000000_0,0.0,127,2015-10-18 18:01:57.291,127,2.015634298324585,2025-07-08T11:40:23.398354,Hadoop_2k.log_structured_small.csv
Launching attempt_1445144423722_0020_m_000000_0,0.0,128,2015-10-18 18:01:57.291,128,2.015634298324585,2025-07-08T11:40:23.398354,Hadoop_2k.log_structured_small.csv
Opening proxy : 04DN8IQ.fareast.corp.microsoft.com:54883,0.0,129,2015-10-18 18:01:57.291,129,2.015634298324585,2025-07-08T11:40:23.398354,Hadoop_2k.log_structured_small.csv
Shuffle port returned by ContainerManager for attempt_1445144423722_0020_m_000000_0 : 13562,0.0,130,2015-10-18 18:01:57.447,130,2.015634298324585,2025-07-08T11:40:23.398354,Hadoop_2k.log_structured_small.csv
TaskAttempt: [attempt_1445144423722_0020_m_000000_0] using containerId: [container_1445144423722_0020_01_000002 on NM: [04DN8IQ.fareast.corp.microsoft.com:54883],0.0,131,2015-10-18 18:01:57.447,131,2.015634298324585,2025-07-08T11:40:23.398354,Hadoop_2k.log_structured_small.csv
attempt_1445144423722_0020_m_000000_0 TaskAttempt Transitioned from ASSIGNED to RUNNING,1.0,132,2015-10-18 18:01:57.447,132,2.015634298324585,2025-07-08T11:40:23.398354,Hadoop_2k.log_structured_small.csv
ATTEMPT_START task_1445144423722_0020_m_000000,0.0,133,2015-10-18 18:01:57.447,133,2.015634298324585,2025-07-08T11:40:23.398354,Hadoop_2k.log_structured_small.csv
task_1445144423722_0020_m_000000 Task Transitioned from SCHEDULED to RUNNING,1.0,134,2015-10-18 18:01:57.447,134,2.015634298324585,2025-07-08T11:40:23.398354,Hadoop_2k.log_structured_small.csv
"getResources() for application_1445144423722_0020: ask=4 release= 0 newContainers=0 finishedContainers=0 resourcelimit=<memory:7168, vCores:-20> knownNMs=4",0.0,135,2015-10-18 18:01:57.916,135,2.015634298324585,2025-07-08T11:40:23.398354,Hadoop_2k.log_structured_small.csv
"Recalculating schedule, headroom=<memory:7168, vCores:-20>",0.0,136,2015-10-18 18:01:57.916,136,2.015634298324585,2025-07-08T11:40:23.398354,Hadoop_2k.log_structured_small.csv
Reduce slow start threshold not met. completedMapsForReduceSlowstart 1,0.0,137,2015-10-18 18:01:57.916,137,2.015634298324585,2025-07-08T11:40:23.398354,Hadoop_2k.log_structured_small.csv
Got allocated containers 1,0.0,138,2015-10-18 18:01:58.916,138,2.015634298324585,2025-07-08T11:40:23.398354,Hadoop_2k.log_structured_small.csv
Resolved MININT-FNANLI5.fareast.corp.microsoft.com to /default-rack,0.0,139,2015-10-18 18:01:58.916,139,2.015634298324585,2025-07-08T11:40:23.398354,Hadoop_2k.log_structured_small.csv
Assigned container container_1445144423722_0020_01_000003 to attempt_1445144423722_0020_m_000001_0,0.0,140,2015-10-18 18:01:58.916,140,2.015634298324585,2025-07-08T11:40:23.398354,Hadoop_2k.log_structured_small.csv
"Recalculating schedule, headroom=<memory:5120, vCores:-22>",0.0,141,2015-10-18 18:01:58.916,141,2.015634298324585,2025-07-08T11:40:23.398354,Hadoop_2k.log_structured_small.csv
Reduce slow start threshold not met. completedMapsForReduceSlowstart 1,0.0,142,2015-10-18 18:01:58.916,142,2.015634298324585,2025-07-08T11:40:23.398354,Hadoop_2k.log_structured_small.csv
After Scheduling: PendingReds:1 ScheduledMaps:8 ScheduledReds:0 AssignedMaps:2 AssignedReds:0 CompletedMaps:0 CompletedReds:0 ContAlloc:2 ContRel:0 HostLocal:0 RackLocal:2,0.0,143,2015-10-18 18:01:58.916,143,2.015634298324585,2025-07-08T11:40:23.398354,Hadoop_2k.log_structured_small.csv
Resolved MININT-FNANLI5.fareast.corp.microsoft.com to /default-rack,0.0,144,2015-10-18 18:01:58.916,144,2.015634298324585,2025-07-08T11:40:23.398354,Hadoop_2k.log_structured_small.csv
attempt_1445144423722_0020_m_000001_0 TaskAttempt Transitioned from UNASSIGNED to ASSIGNED,1.0,145,2015-10-18 18:01:58.916,145,2.015634298324585,2025-07-08T11:40:23.398354,Hadoop_2k.log_structured_small.csv
Processing the event EventType: CONTAINER_REMOTE_LAUNCH for container container_1445144423722_0020_01_000003 taskAttempt attempt_1445144423722_0020_m_000001_0,0.0,146,2015-10-18 18:01:58.916,146,2.015634298324585,2025-07-08T11:40:23.398354,Hadoop_2k.log_structured_small.csv
Launching attempt_1445144423722_0020_m_000001_0,0.0,147,2015-10-18 18:01:58.916,147,2.015634298324585,2025-07-08T11:40:23.398354,Hadoop_2k.log_structured_small.csv
Opening proxy : MININT-FNANLI5.fareast.corp.microsoft.com:52368,0.0,148,2015-10-18 18:01:58.916,148,2.015634298324585,2025-07-08T11:40:23.398354,Hadoop_2k.log_structured_small.csv
Shuffle port returned by ContainerManager for attempt_1445144423722_0020_m_000001_0 : 13562,0.0,149,2015-10-18 18:01:58.963,149,2.015634298324585,2025-07-08T11:40:23.398354,Hadoop_2k.log_structured_small.csv
TaskAttempt: [attempt_1445144423722_0020_m_000001_0] using containerId: [container_1445144423722_0020_01_000003 on NM: [MININT-FNANLI5.fareast.corp.microsoft.com:52368],0.0,150,2015-10-18 18:01:58.963,150,2.015634298324585,2025-07-08T11:40:23.398354,Hadoop_2k.log_structured_small.csv
attempt_1445144423722_0020_m_000001_0 TaskAttempt Transitioned from ASSIGNED to RUNNING,1.0,151,2015-10-18 18:01:58.963,151,2.015634298324585,2025-07-08T11:40:23.398354,Hadoop_2k.log_structured_small.csv
ATTEMPT_START task_1445144423722_0020_m_000001,0.0,152,2015-10-18 18:01:58.963,152,2.015634298324585,2025-07-08T11:40:23.398354,Hadoop_2k.log_structured_small.csv
task_1445144423722_0020_m_000001 Task Transitioned from SCHEDULED to RUNNING,1.0,153,2015-10-18 18:01:58.963,153,2.015634298324585,2025-07-08T11:40:23.398354,Hadoop_2k.log_structured_small.csv
"getResources() for application_1445144423722_0020: ask=4 release= 0 newContainers=0 finishedContainers=0 resourcelimit=<memory:4096, vCores:-23> knownNMs=4",0.0,154,2015-10-18 18:01:59.948,154,2.015634298324585,2025-07-08T11:40:23.398354,Hadoop_2k.log_structured_small.csv
"Recalculating schedule, headroom=<memory:4096, vCores:-23>",0.0,155,2015-10-18 18:01:59.948,155,2.015634298324585,2025-07-08T11:40:23.398354,Hadoop_2k.log_structured_small.csv
Reduce slow start threshold not met. completedMapsForReduceSlowstart 1,0.0,156,2015-10-18 18:01:59.948,156,2.015634298324585,2025-07-08T11:40:23.398354,Hadoop_2k.log_structured_small.csv
Got allocated containers 1,0.0,157,2015-10-18 18:02:00.963,157,2.015634298324585,2025-07-08T11:40:23.398354,Hadoop_2k.log_structured_small.csv
Resolved MININT-FNANLI5.fareast.corp.microsoft.com to /default-rack,0.0,158,2015-10-18 18:02:00.963,158,2.015634298324585,2025-07-08T11:40:23.398354,Hadoop_2k.log_structured_small.csv
Assigned container container_1445144423722_0020_01_000004 to attempt_1445144423722_0020_m_000002_0,0.0,159,2015-10-18 18:02:00.963,159,2.015634298324585,2025-07-08T11:40:23.398354,Hadoop_2k.log_structured_small.csv
"Recalculating schedule, headroom=<memory:3072, vCores:-24>",0.0,160,2015-10-18 18:02:00.963,160,2.015634298324585,2025-07-08T11:40:23.398354,Hadoop_2k.log_structured_small.csv
Reduce slow start threshold not met. completedMapsForReduceSlowstart 1,0.0,161,2015-10-18 18:02:00.963,161,2.015634298324585,2025-07-08T11:40:23.398354,Hadoop_2k.log_structured_small.csv
After Scheduling: PendingReds:1 ScheduledMaps:7 ScheduledReds:0 AssignedMaps:3 AssignedReds:0 CompletedMaps:0 CompletedReds:0 ContAlloc:3 ContRel:0 HostLocal:0 RackLocal:3,0.0,162,2015-10-18 18:02:00.963,162,2.015634298324585,2025-07-08T11:40:23.398354,Hadoop_2k.log_structured_small.csv
Resolved MININT-FNANLI5.fareast.corp.microsoft.com to /default-rack,0.0,163,2015-10-18 18:02:00.963,163,2.015634298324585,2025-07-08T11:40:23.398354,Hadoop_2k.log_structured_small.csv
attempt_1445144423722_0020_m_000002_0 TaskAttempt Transitioned from UNASSIGNED to ASSIGNED,1.0,164,2015-10-18 18:02:00.963,164,2.015634298324585,2025-07-08T11:40:23.398354,Hadoop_2k.log_structured_small.csv
Processing the event EventType: CONTAINER_REMOTE_LAUNCH for container container_1445144423722_0020_01_000004 taskAttempt attempt_1445144423722_0020_m_000002_0,0.0,165,2015-10-18 18:02:00.979,165,2.015634298324585,2025-07-08T11:40:23.398354,Hadoop_2k.log_structured_small.csv
Launching attempt_1445144423722_0020_m_000002_0,0.0,166,2015-10-18 18:02:00.979,166,2.015634298324585,2025-07-08T11:40:23.398354,Hadoop_2k.log_structured_small.csv
Opening proxy : MININT-FNANLI5.fareast.corp.microsoft.com:52368,0.0,167,2015-10-18 18:02:00.979,167,2.015634298324585,2025-07-08T11:40:23.398354,Hadoop_2k.log_structured_small.csv
Shuffle port returned by ContainerManager for attempt_1445144423722_0020_m_000002_0 : 13562,0.0,168,2015-10-18 18:02:01.041,168,2.015634298324585,2025-07-08T11:40:23.398354,Hadoop_2k.log_structured_small.csv
TaskAttempt: [attempt_1445144423722_0020_m_000002_0] using containerId: [container_1445144423722_0020_01_000004 on NM: [MININT-FNANLI5.fareast.corp.microsoft.com:52368],0.0,169,2015-10-18 18:02:01.041,169,2.015634298324585,2025-07-08T11:40:23.398354,Hadoop_2k.log_structured_small.csv
attempt_1445144423722_0020_m_000002_0 TaskAttempt Transitioned from ASSIGNED to RUNNING,1.0,170,2015-10-18 18:02:01.041,170,2.015634298324585,2025-07-08T11:40:23.398354,Hadoop_2k.log_structured_small.csv
ATTEMPT_START task_1445144423722_0020_m_000002,0.0,171,2015-10-18 18:02:01.041,171,2.015634298324585,2025-07-08T11:40:23.398354,Hadoop_2k.log_structured_small.csv
task_1445144423722_0020_m_000002 Task Transitioned from SCHEDULED to RUNNING,1.0,172,2015-10-18 18:02:01.041,172,2.015634298324585,2025-07-08T11:40:23.398354,Hadoop_2k.log_structured_small.csv
"getResources() for application_1445144423722_0020: ask=4 release= 0 newContainers=0 finishedContainers=0 resourcelimit=<memory:1024, vCores:-26> knownNMs=4",0.0,173,2015-10-18 18:02:02.026,173,2.015634298324585,2025-07-08T11:40:23.398354,Hadoop_2k.log_structured_small.csv
"Recalculating schedule, headroom=<memory:1024, vCores:-26>",0.0,174,2015-10-18 18:02:02.026,174,2.015634298324585,2025-07-08T11:40:23.398354,Hadoop_2k.log_structured_small.csv
Reduce slow start threshold not met. completedMapsForReduceSlowstart 1,0.0,175,2015-10-18 18:02:02.026,175,2.015634298324585,2025-07-08T11:40:23.398354,Hadoop_2k.log_structured_small.csv
Auth successful for job_1445144423722_0020 (auth:SIMPLE),0.0,176,2015-10-18 18:02:02.104,176,2.015634298324585,2025-07-08T11:40:23.398354,Hadoop_2k.log_structured_small.csv
JVM with ID : jvm_1445144423722_0020_m_000002 asked for a task,0.0,177,2015-10-18 18:02:02.510,177,2.015634298324585,2025-07-08T11:40:23.398354,Hadoop_2k.log_structured_small.csv
JVM with ID: jvm_1445144423722_0020_m_000002 given task: attempt_1445144423722_0020_m_000000_0,0.0,178,2015-10-18 18:02:02.510,178,2.015634298324585,2025-07-08T11:40:23.398354,Hadoop_2k.log_structured_small.csv
"Recalculating schedule, headroom=<memory:1024, vCores:-26>",0.0,179,2015-10-18 18:02:03.041,179,2.015634298324585,2025-07-08T11:40:23.398354,Hadoop_2k.log_structured_small.csv
Reduce slow start threshold not met. completedMapsForReduceSlowstart 1,0.0,180,2015-10-18 18:02:03.041,180,2.015634298324585,2025-07-08T11:40:23.398354,Hadoop_2k.log_structured_small.csv
"Recalculating schedule, headroom=<memory:0, vCores:-27>",0.0,181,2015-10-18 18:02:04.167,181,2.015634298324585,2025-07-08T11:40:23.398354,Hadoop_2k.log_structured_small.csv
Reduce slow start threshold not met. completedMapsForReduceSlowstart 1,0.0,182,2015-10-18 18:02:04.167,182,2.015634298324585,2025-07-08T11:40:23.398354,Hadoop_2k.log_structured_small.csv
"Recalculating schedule, headroom=<memory:0, vCores:-27>",0.0,183,2015-10-18 18:02:05.229,183,2.015634298324585,2025-07-08T11:40:23.398354,Hadoop_2k.log_structured_small.csv
Reduce slow start threshold not met. completedMapsForReduceSlowstart 1,0.0,184,2015-10-18 18:02:05.229,184,2.015634298324585,2025-07-08T11:40:23.398354,Hadoop_2k.log_structured_small.csv
Auth successful for job_1445144423722_0020 (auth:SIMPLE),0.0,185,2015-10-18 18:02:05.651,185,2.015634298324585,2025-07-08T11:40:23.398354,Hadoop_2k.log_structured_small.csv
JVM with ID : jvm_1445144423722_0020_m_000003 asked for a task,0.0,186,2015-10-18 18:02:05.870,186,2.015634298324585,2025-07-08T11:40:23.398354,Hadoop_2k.log_structured_small.csv
JVM with ID: jvm_1445144423722_0020_m_000003 given task: attempt_1445144423722_0020_m_000001_0,0.0,187,2015-10-18 18:02:05.870,187,2.015634298324585,2025-07-08T11:40:23.398354,Hadoop_2k.log_structured_small.csv
"Recalculating schedule, headroom=<memory:0, vCores:-27>",0.0,188,2015-10-18 18:02:06.557,188,2.015634298324585,2025-07-08T11:40:23.398354,Hadoop_2k.log_structured_small.csv
Reduce slow start threshold not met. completedMapsForReduceSlowstart 1,0.0,189,2015-10-18 18:02:06.557,189,2.015634298324585,2025-07-08T11:40:23.398354,Hadoop_2k.log_structured_small.csv
"Recalculating schedule, headroom=<memory:0, vCores:-27>",0.0,190,2015-10-18 18:02:07.573,190,2.015634298324585,2025-07-08T11:40:23.398354,Hadoop_2k.log_structured_small.csv
Reduce slow start threshold not met. completedMapsForReduceSlowstart 1,0.0,191,2015-10-18 18:02:07.573,191,2.015634298324585,2025-07-08T11:40:23.398354,Hadoop_2k.log_structured_small.csv
"Recalculating schedule, headroom=<memory:0, vCores:-27>",0.0,192,2015-10-18 18:02:08.636,192,2.015634298324585,2025-07-08T11:40:23.398354,Hadoop_2k.log_structured_small.csv
Reduce slow start threshold not met. completedMapsForReduceSlowstart 1,0.0,193,2015-10-18 18:02:08.636,193,2.015634298324585,2025-07-08T11:40:23.398354,Hadoop_2k.log_structured_small.csv
"Recalculating schedule, headroom=<memory:0, vCores:-27>",0.0,194,2015-10-18 18:02:09.667,194,2.015634298324585,2025-07-08T11:40:23.398354,Hadoop_2k.log_structured_small.csv
Reduce slow start threshold not met. completedMapsForReduceSlowstart 1,0.0,195,2015-10-18 18:02:09.667,195,2.015634298324585,2025-07-08T11:40:23.398354,Hadoop_2k.log_structured_small.csv
"Recalculating schedule, headroom=<memory:0, vCores:-27>",0.0,196,2015-10-18 18:02:10.667,196,2.015634298324585,2025-07-08T11:40:23.398354,Hadoop_2k.log_structured_small.csv
Reduce slow start threshold not met. completedMapsForReduceSlowstart 1,0.0,197,2015-10-18 18:02:10.667,197,2.015634298324585,2025-07-08T11:40:23.398354,Hadoop_2k.log_structured_small.csv
"Recalculating schedule, headroom=<memory:0, vCores:-27>",0.0,198,2015-10-18 18:02:11.714,198,2.015634298324585,2025-07-08T11:40:23.398354,Hadoop_2k.log_structured_small.csv
Reduce slow start threshold not met. completedMapsForReduceSlowstart 1,0.0,199,2015-10-18 18:02:11.714,199,2.015634298324585,2025-07-08T11:40:23.398354,Hadoop_2k.log_structured_small.csv
"Recalculating schedule, headroom=<memory:0, vCores:-27>",0.0,200,2015-10-18 18:02:12.745,200,2.015634298324585,2025-07-08T11:40:23.398354,Hadoop_2k.log_structured_small.csv
Reduce slow start threshold not met. completedMapsForReduceSlowstart 1,0.0,201,2015-10-18 18:02:12.745,201,2.015634298324585,2025-07-08T11:40:23.398354,Hadoop_2k.log_structured_small.csv
Auth successful for job_1445144423722_0020 (auth:SIMPLE),0.0,202,2015-10-18 18:02:12.808,202,2.015634298324585,2025-07-08T11:40:23.398354,Hadoop_2k.log_structured_small.csv
JVM with ID : jvm_1445144423722_0020_m_000004 asked for a task,0.0,203,2015-10-18 18:02:12.855,203,2.015634298324585,2025-07-08T11:40:23.398354,Hadoop_2k.log_structured_small.csv
JVM with ID: jvm_1445144423722_0020_m_000004 given task: attempt_1445144423722_0020_m_000002_0,0.0,204,2015-10-18 18:02:12.855,204,2.015634298324585,2025-07-08T11:40:23.398354,Hadoop_2k.log_structured_small.csv
"Recalculating schedule, headroom=<memory:0, vCores:-27>",0.0,205,2015-10-18 18:02:13.902,205,2.015634298324585,2025-07-08T11:40:23.398354,Hadoop_2k.log_structured_small.csv
Reduce slow start threshold not met. completedMapsForReduceSlowstart 1,0.0,206,2015-10-18 18:02:13.902,206,2.015634298324585,2025-07-08T11:40:23.398354,Hadoop_2k.log_structured_small.csv
"Recalculating schedule, headroom=<memory:0, vCores:-27>",0.0,207,2015-10-18 18:02:14.933,207,2.015634298324585,2025-07-08T11:40:23.398354,Hadoop_2k.log_structured_small.csv
Reduce slow start threshold not met. completedMapsForReduceSlowstart 1,0.0,208,2015-10-18 18:02:14.933,208,2.015634298324585,2025-07-08T11:40:23.398354,Hadoop_2k.log_structured_small.csv
"Recalculating schedule, headroom=<memory:0, vCores:-27>",0.0,209,2015-10-18 18:02:15.949,209,2.015634298324585,2025-07-08T11:40:23.398354,Hadoop_2k.log_structured_small.csv
Reduce slow start threshold not met. completedMapsForReduceSlowstart 1,0.0,210,2015-10-18 18:02:15.949,210,2.015634298324585,2025-07-08T11:40:23.398354,Hadoop_2k.log_structured_small.csv
Progress of TaskAttempt attempt_1445144423722_0020_m_000000_0 is : 0.023958297,0.0,211,2015-10-18 18:02:17.027,211,2.015634298324585,2025-07-08T11:40:23.398354,Hadoop_2k.log_structured_small.csv
"Recalculating schedule, headroom=<memory:0, vCores:-27>",0.0,212,2015-10-18 18:02:17.058,212,2.015634298324585,2025-07-08T11:40:23.398354,Hadoop_2k.log_structured_small.csv
Reduce slow start threshold not met. completedMapsForReduceSlowstart 1,0.0,213,2015-10-18 18:02:17.058,213,2.015634298324585,2025-07-08T11:40:23.398354,Hadoop_2k.log_structured_small.csv
"Recalculating schedule, headroom=<memory:0, vCores:-27>",0.0,214,2015-10-18 18:02:18.105,214,2.015634298324585,2025-07-08T11:40:23.398354,Hadoop_2k.log_structured_small.csv
Reduce slow start threshold not met. completedMapsForReduceSlowstart 1,0.0,215,2015-10-18 18:02:18.105,215,2.015634298324585,2025-07-08T11:40:23.398354,Hadoop_2k.log_structured_small.csv
"Recalculating schedule, headroom=<memory:0, vCores:-27>",0.0,216,2015-10-18 18:02:19.152,216,2.015634298324585,2025-07-08T11:40:23.398354,Hadoop_2k.log_structured_small.csv
Reduce slow start threshold not met. completedMapsForReduceSlowstart 1,0.0,217,2015-10-18 18:02:19.152,217,2.015634298324585,2025-07-08T11:40:23.398354,Hadoop_2k.log_structured_small.csv
"Recalculating schedule, headroom=<memory:0, vCores:-27>",0.0,218,2015-10-18 18:02:20.168,218,2.015634298324585,2025-07-08T11:40:23.398354,Hadoop_2k.log_structured_small.csv
Reduce slow start threshold not met. completedMapsForReduceSlowstart 1,0.0,219,2015-10-18 18:02:20.168,219,2.015634298324585,2025-07-08T11:40:23.398354,Hadoop_2k.log_structured_small.csv
Progress of TaskAttempt attempt_1445144423722_0020_m_000000_0 is : 0.065791264,0.0,220,2015-10-18 18:02:20.558,220,2.015634298324585,2025-07-08T11:40:23.398354,Hadoop_2k.log_structured_small.csv
"Recalculating schedule, headroom=<memory:0, vCores:-27>",0.0,221,2015-10-18 18:02:21.261,221,2.015634298324585,2025-07-08T11:40:23.398354,Hadoop_2k.log_structured_small.csv
Reduce slow start threshold not met. completedMapsForReduceSlowstart 1,0.0,222,2015-10-18 18:02:21.261,222,2.015634298324585,2025-07-08T11:40:23.398354,Hadoop_2k.log_structured_small.csv
Progress of TaskAttempt attempt_1445144423722_0020_m_000001_0 is : 0.05713628,0.0,223,2015-10-18 18:02:21.699,223,2.015634298324585,2025-07-08T11:40:23.398354,Hadoop_2k.log_structured_small.csv
"Recalculating schedule, headroom=<memory:0, vCores:-27>",0.0,224,2015-10-18 18:02:22.402,224,2.015634298324585,2025-07-08T11:40:23.398354,Hadoop_2k.log_structured_small.csv
Reduce slow start threshold not met. completedMapsForReduceSlowstart 1,0.0,225,2015-10-18 18:02:22.402,225,2.015634298324585,2025-07-08T11:40:23.398354,Hadoop_2k.log_structured_small.csv
"Recalculating schedule, headroom=<memory:0, vCores:-27>",0.0,226,2015-10-18 18:02:23.465,226,2.015634298324585,2025-07-08T11:40:23.398354,Hadoop_2k.log_structured_small.csv
Reduce slow start threshold not met. completedMapsForReduceSlowstart 1,0.0,227,2015-10-18 18:02:23.465,227,2.015634298324585,2025-07-08T11:40:23.398354,Hadoop_2k.log_structured_small.csv
"Recalculating schedule, headroom=<memory:0, vCores:-27>",0.0,228,2015-10-18 18:02:24.527,228,2.015634298324585,2025-07-08T11:40:23.398354,Hadoop_2k.log_structured_small.csv
Reduce slow start threshold not met. completedMapsForReduceSlowstart 1,0.0,229,2015-10-18 18:02:24.527,229,2.015634298324585,2025-07-08T11:40:23.398354,Hadoop_2k.log_structured_small.csv
Progress of TaskAttempt attempt_1445144423722_0020_m_000000_0 is : 0.10004553,0.0,230,2015-10-18 18:02:24.543,230,2.015634298324585,2025-07-08T11:40:23.398354,Hadoop_2k.log_structured_small.csv
Progress of TaskAttempt attempt_1445144423722_0020_m_000001_0 is : 0.079464614,0.0,231,2015-10-18 18:02:24.949,231,2.015634298324585,2025-07-08T11:40:23.398354,Hadoop_2k.log_structured_small.csv
Progress of TaskAttempt attempt_1445144423722_0020_m_000002_0 is : 0.06741504,0.0,232,2015-10-18 18:02:25.058,232,2.015634298324585,2025-07-08T11:40:23.398354,Hadoop_2k.log_structured_small.csv
"Recalculating schedule, headroom=<memory:0, vCores:-27>",0.0,233,2015-10-18 18:02:25.590,233,2.015634298324585,2025-07-08T11:40:23.398354,Hadoop_2k.log_structured_small.csv
Reduce slow start threshold not met. completedMapsForReduceSlowstart 1,0.0,234,2015-10-18 18:02:25.590,234,2.015634298324585,2025-07-08T11:40:23.398354,Hadoop_2k.log_structured_small.csv
"Recalculating schedule, headroom=<memory:0, vCores:-27>",0.0,235,2015-10-18 18:02:26.668,235,2.015634298324585,2025-07-08T11:40:23.398354,Hadoop_2k.log_structured_small.csv
Reduce slow start threshold not met. completedMapsForReduceSlowstart 1,0.0,236,2015-10-18 18:02:26.668,236,2.015634298324585,2025-07-08T11:40:23.398354,Hadoop_2k.log_structured_small.csv
"Recalculating schedule, headroom=<memory:0, vCores:-27>",0.0,237,2015-10-18 18:02:27.746,237,2.015634298324585,2025-07-08T11:40:23.398354,Hadoop_2k.log_structured_small.csv
Reduce slow start threshold not met. completedMapsForReduceSlowstart 1,0.0,238,2015-10-18 18:02:27.746,238,2.015634298324585,2025-07-08T11:40:23.398354,Hadoop_2k.log_structured_small.csv
Progress of TaskAttempt attempt_1445144423722_0020_m_000000_0 is : 0.10635664,0.0,239,2015-10-18 18:02:27.965,239,2.015634298324585,2025-07-08T11:40:23.398354,Hadoop_2k.log_structured_small.csv
"Recalculating schedule, headroom=<memory:0, vCores:-27>",0.0,240,2015-10-18 18:02:28.856,240,2.015634298324585,2025-07-08T11:40:23.398354,Hadoop_2k.log_structured_small.csv
Reduce slow start threshold not met. completedMapsForReduceSlowstart 1,0.0,241,2015-10-18 18:02:28.856,241,2.015634298324585,2025-07-08T11:40:23.398354,Hadoop_2k.log_structured_small.csv
Progress of TaskAttempt attempt_1445144423722_0020_m_000001_0 is : 0.10501281,0.0,242,2015-10-18 18:02:28.965,242,2.015634298324585,2025-07-08T11:40:23.398354,Hadoop_2k.log_structured_small.csv
Progress of TaskAttempt attempt_1445144423722_0020_m_000002_0 is : 0.103304505,0.0,243,2015-10-18 18:02:29.090,243,2.015634298324585,2025-07-08T11:40:23.398354,Hadoop_2k.log_structured_small.csv
"Recalculating schedule, headroom=<memory:0, vCores:-27>",0.0,244,2015-10-18 18:02:29.918,244,2.015634298324585,2025-07-08T11:40:23.398354,Hadoop_2k.log_structured_small.csv
Reduce slow start threshold not met. completedMapsForReduceSlowstart 1,0.0,245,2015-10-18 18:02:29.918,245,2.015634298324585,2025-07-08T11:40:23.398354,Hadoop_2k.log_structured_small.csv
"Recalculating schedule, headroom=<memory:0, vCores:-27>",0.0,246,2015-10-18 18:02:30.949,246,2.015634298324585,2025-07-08T11:40:23.398354,Hadoop_2k.log_structured_small.csv
Reduce slow start threshold not met. completedMapsForReduceSlowstart 1,0.0,247,2015-10-18 18:02:30.949,247,2.015634298324585,2025-07-08T11:40:23.398354,Hadoop_2k.log_structured_small.csv
Progress of TaskAttempt attempt_1445144423722_0020_m_000000_0 is : 0.10635664,0.0,248,2015-10-18 18:02:31.668,248,2.015634298324585,2025-07-08T11:40:23.398354,Hadoop_2k.log_structured_small.csv
"Recalculating schedule, headroom=<memory:0, vCores:-27>",0.0,249,2015-10-18 18:02:31.996,249,2.015634298324585,2025-07-08T11:40:23.398354,Hadoop_2k.log_structured_small.csv
Reduce slow start threshold not met. completedMapsForReduceSlowstart 1,0.0,250,2015-10-18 18:02:31.996,250,2.015634298324585,2025-07-08T11:40:23.398354,Hadoop_2k.log_structured_small.csv
Progress of TaskAttempt attempt_1445144423722_0020_m_000001_0 is : 0.1066108,0.0,251,2015-10-18 18:02:32.434,251,2.015634298324585,2025-07-08T11:40:23.398354,Hadoop_2k.log_structured_small.csv
Progress of TaskAttempt attempt_1445144423722_0020_m_000002_0 is : 0.10660437,0.0,252,2015-10-18 18:02:32.715,252,2.015634298324585,2025-07-08T11:40:23.398354,Hadoop_2k.log_structured_small.csv
"Recalculating schedule, headroom=<memory:0, vCores:-27>",0.0,253,2015-10-18 18:02:33.012,253,2.015634298324585,2025-07-08T11:40:23.398354,Hadoop_2k.log_structured_small.csv
Reduce slow start threshold not met. completedMapsForReduceSlowstart 1,0.0,254,2015-10-18 18:02:33.012,254,2.015634298324585,2025-07-08T11:40:23.398354,Hadoop_2k.log_structured_small.csv
"Recalculating schedule, headroom=<memory:0, vCores:-27>",0.0,255,2015-10-18 18:02:34.043,255,2.015634298324585,2025-07-08T11:40:23.398354,Hadoop_2k.log_structured_small.csv
Reduce slow start threshold not met. completedMapsForReduceSlowstart 1,0.0,256,2015-10-18 18:02:34.043,256,2.015634298324585,2025-07-08T11:40:23.398354,Hadoop_2k.log_structured_small.csv
"Recalculating schedule, headroom=<memory:0, vCores:-27>",0.0,257,2015-10-18 18:02:35.090,257,2.015634298324585,2025-07-08T11:40:23.398354,Hadoop_2k.log_structured_small.csv
Reduce slow start threshold not met. completedMapsForReduceSlowstart 1,0.0,258,2015-10-18 18:02:35.090,258,2.015634298324585,2025-07-08T11:40:23.398354,Hadoop_2k.log_structured_small.csv
Progress of TaskAttempt attempt_1445144423722_0020_m_000000_0 is : 0.10635664,0.0,259,2015-10-18 18:02:35.231,259,2.015634298324585,2025-07-08T11:40:23.398354,Hadoop_2k.log_structured_small.csv
Progress of TaskAttempt attempt_1445144423722_0020_m_000001_0 is : 0.1066108,0.0,260,2015-10-18 18:02:35.809,260,2.015634298324585,2025-07-08T11:40:23.398354,Hadoop_2k.log_structured_small.csv
"Recalculating schedule, headroom=<memory:0, vCores:-27>",0.0,261,2015-10-18 18:02:36.137,261,2.015634298324585,2025-07-08T11:40:23.398354,Hadoop_2k.log_structured_small.csv
Reduce slow start threshold not met. completedMapsForReduceSlowstart 1,0.0,262,2015-10-18 18:02:36.137,262,2.015634298324585,2025-07-08T11:40:23.398354,Hadoop_2k.log_structured_small.csv
Progress of TaskAttempt attempt_1445144423722_0020_m_000002_0 is : 0.10660437,0.0,263,2015-10-18 18:02:36.215,263,2.015634298324585,2025-07-08T11:40:23.398354,Hadoop_2k.log_structured_small.csv
"Recalculating schedule, headroom=<memory:0, vCores:-27>",0.0,264,2015-10-18 18:02:37.169,264,2.015634298324585,2025-07-08T11:40:23.398354,Hadoop_2k.log_structured_small.csv
Reduce slow start threshold not met. completedMapsForReduceSlowstart 1,0.0,265,2015-10-18 18:02:37.169,265,2.015634298324585,2025-07-08T11:40:23.398354,Hadoop_2k.log_structured_small.csv
"Recalculating schedule, headroom=<memory:0, vCores:-27>",0.0,266,2015-10-18 18:02:38.200,266,2.015634298324585,2025-07-08T11:40:23.398354,Hadoop_2k.log_structured_small.csv
Reduce slow start threshold not met. completedMapsForReduceSlowstart 1,0.0,267,2015-10-18 18:02:38.200,267,2.015634298324585,2025-07-08T11:40:23.398354,Hadoop_2k.log_structured_small.csv
Progress of TaskAttempt attempt_1445144423722_0020_m_000000_0 is : 0.10635664,0.0,268,2015-10-18 18:02:38.762,268,2.015634298324585,2025-07-08T11:40:23.398354,Hadoop_2k.log_structured_small.csv
Progress of TaskAttempt attempt_1445144423722_0020_m_000001_0 is : 0.1066108,0.0,269,2015-10-18 18:02:39.200,269,2.015634298324585,2025-07-08T11:40:23.398354,Hadoop_2k.log_structured_small.csv
"Recalculating schedule, headroom=<memory:0, vCores:-27>",0.0,270,2015-10-18 18:02:39.216,270,2.015634298324585,2025-07-08T11:40:23.398354,Hadoop_2k.log_structured_small.csv
Reduce slow start threshold not met. completedMapsForReduceSlowstart 1,0.0,271,2015-10-18 18:02:39.216,271,2.015634298324585,2025-07-08T11:40:23.398354,Hadoop_2k.log_structured_small.csv
Progress of TaskAttempt attempt_1445144423722_0020_m_000002_0 is : 0.10660437,0.0,272,2015-10-18 18:02:39.622,272,2.015634298324585,2025-07-08T11:40:23.398354,Hadoop_2k.log_structured_small.csv
"Recalculating schedule, headroom=<memory:0, vCores:-27>",0.0,273,2015-10-18 18:02:40.247,273,2.015634298324585,2025-07-08T11:40:23.398354,Hadoop_2k.log_structured_small.csv
Reduce slow start threshold not met. completedMapsForReduceSlowstart 1,0.0,274,2015-10-18 18:02:40.247,274,2.015634298324585,2025-07-08T11:40:23.398354,Hadoop_2k.log_structured_small.csv
"Recalculating schedule, headroom=<memory:0, vCores:-27>",0.0,275,2015-10-18 18:02:41.309,275,2.015634298324585,2025-07-08T11:40:23.398354,Hadoop_2k.log_structured_small.csv
Reduce slow start threshold not met. completedMapsForReduceSlowstart 1,0.0,276,2015-10-18 18:02:41.309,276,2.015634298324585,2025-07-08T11:40:23.398354,Hadoop_2k.log_structured_small.csv
Progress of TaskAttempt attempt_1445144423722_0020_m_000000_0 is : 0.10635664,0.0,277,2015-10-18 18:02:42.200,277,2.015634298324585,2025-07-08T11:40:23.398354,Hadoop_2k.log_structured_small.csv
"Recalculating schedule, headroom=<memory:0, vCores:-27>",0.0,278,2015-10-18 18:02:42.341,278,2.015634298324585,2025-07-08T11:40:23.398354,Hadoop_2k.log_structured_small.csv
Reduce slow start threshold not met. completedMapsForReduceSlowstart 1,0.0,279,2015-10-18 18:02:42.341,279,2.015634298324585,2025-07-08T11:40:23.398354,Hadoop_2k.log_structured_small.csv
Progress of TaskAttempt attempt_1445144423722_0020_m_000001_0 is : 0.1066108,0.0,280,2015-10-18 18:02:43.060,280,2.015634298324585,2025-07-08T11:40:23.398354,Hadoop_2k.log_structured_small.csv
Progress of TaskAttempt attempt_1445144423722_0020_m_000002_0 is : 0.10660437,0.0,281,2015-10-18 18:02:43.263,281,2.015634298324585,2025-07-08T11:40:23.398354,Hadoop_2k.log_structured_small.csv
"Recalculating schedule, headroom=<memory:0, vCores:-27>",0.0,282,2015-10-18 18:02:43.388,282,2.015634298324585,2025-07-08T11:40:23.398354,Hadoop_2k.log_structured_small.csv
Reduce slow start threshold not met. completedMapsForReduceSlowstart 1,0.0,283,2015-10-18 18:02:43.388,283,2.015634298324585,2025-07-08T11:40:23.398354,Hadoop_2k.log_structured_small.csv
"Recalculating schedule, headroom=<memory:0, vCores:-27>",0.0,284,2015-10-18 18:02:44.419,284,2.015634298324585,2025-07-08T11:40:23.398354,Hadoop_2k.log_structured_small.csv
Reduce slow start threshold not met. completedMapsForReduceSlowstart 1,0.0,285,2015-10-18 18:02:44.419,285,2.015634298324585,2025-07-08T11:40:23.398354,Hadoop_2k.log_structured_small.csv
"Recalculating schedule, headroom=<memory:0, vCores:-27>",0.0,286,2015-10-18 18:02:45.450,286,2.015634298324585,2025-07-08T11:40:23.398354,Hadoop_2k.log_structured_small.csv
Reduce slow start threshold not met. completedMapsForReduceSlowstart 1,0.0,287,2015-10-18 18:02:45.450,287,2.015634298324585,2025-07-08T11:40:23.398354,Hadoop_2k.log_structured_small.csv
Progress of TaskAttempt attempt_1445144423722_0020_m_000000_0 is : 0.10635664,0.0,288,2015-10-18 18:02:45.841,288,2.015634298324585,2025-07-08T11:40:23.398354,Hadoop_2k.log_structured_small.csv
"Recalculating schedule, headroom=<memory:0, vCores:-27>",0.0,289,2015-10-18 18:02:46.482,289,2.015634298324585,2025-07-08T11:40:23.398354,Hadoop_2k.log_structured_small.csv
Reduce slow start threshold not met. completedMapsForReduceSlowstart 1,0.0,290,2015-10-18 18:02:46.482,290,2.015634298324585,2025-07-08T11:40:23.398354,Hadoop_2k.log_structured_small.csv
Progress of TaskAttempt attempt_1445144423722_0020_m_000001_0 is : 0.1066108,0.0,291,2015-10-18 18:02:46.575,291,2.015634298324585,2025-07-08T11:40:23.398354,Hadoop_2k.log_structured_small.csv
Progress of TaskAttempt attempt_1445144423722_0020_m_000002_0 is : 0.10660437,0.0,292,2015-10-18 18:02:46.685,292,2.015634298324585,2025-07-08T11:40:23.398354,Hadoop_2k.log_structured_small.csv
Got allocated containers 1,0.0,293,2015-10-18 18:02:47.497,293,2.015634298324585,2025-07-08T11:40:23.398354,Hadoop_2k.log_structured_small.csv
Assigned container container_1445144423722_0020_01_000005 to attempt_1445144423722_0020_m_000003_0,0.0,294,2015-10-18 18:02:47.497,294,2.015634298324585,2025-07-08T11:40:23.398354,Hadoop_2k.log_structured_small.csv
"Recalculating schedule, headroom=<memory:0, vCores:-27>",0.0,295,2015-10-18 18:02:47.497,295,2.015634298324585,2025-07-08T11:40:23.398354,Hadoop_2k.log_structured_small.csv
Reduce slow start threshold not met. completedMapsForReduceSlowstart 1,0.0,296,2015-10-18 18:02:47.513,296,2.015634298324585,2025-07-08T11:40:23.398354,Hadoop_2k.log_structured_small.csv
After Scheduling: PendingReds:1 ScheduledMaps:6 ScheduledReds:0 AssignedMaps:4 AssignedReds:0 CompletedMaps:0 CompletedReds:0 ContAlloc:4 ContRel:0 HostLocal:1 RackLocal:3,0.0,297,2015-10-18 18:02:47.513,297,2.015634298324585,2025-07-08T11:40:23.398354,Hadoop_2k.log_structured_small.csv
Resolved MSRA-SA-41.fareast.corp.microsoft.com to /default-rack,0.0,298,2015-10-18 18:02:47.513,298,2.015634298324585,2025-07-08T11:40:23.398354,Hadoop_2k.log_structured_small.csv
attempt_1445144423722_0020_m_000003_0 TaskAttempt Transitioned from UNASSIGNED to ASSIGNED,1.0,299,2015-10-18 18:02:47.513,299,2.015634298324585,2025-07-08T11:40:23.398354,Hadoop_2k.log_structured_small.csv
Processing the event EventType: CONTAINER_REMOTE_LAUNCH for container container_1445144423722_0020_01_000005 taskAttempt attempt_1445144423722_0020_m_000003_0,0.0,300,2015-10-18 18:02:47.685,300,2.015634298324585,2025-07-08T11:40:23.398354,Hadoop_2k.log_structured_small.csv
Launching attempt_1445144423722_0020_m_000003_0,0.0,301,2015-10-18 18:02:47.685,301,2.015634298324585,2025-07-08T11:40:23.398354,Hadoop_2k.log_structured_small.csv
Opening proxy : MSRA-SA-41.fareast.corp.microsoft.com:7109,0.0,302,2015-10-18 18:02:47.685,302,2.015634298324585,2025-07-08T11:40:23.398354,Hadoop_2k.log_structured_small.csv
Shuffle port returned by ContainerManager for attempt_1445144423722_0020_m_000003_0 : 13562,0.0,303,2015-10-18 18:02:47.841,303,2.015634298324585,2025-07-08T11:40:23.398354,Hadoop_2k.log_structured_small.csv
TaskAttempt: [attempt_1445144423722_0020_m_000003_0] using containerId: [container_1445144423722_0020_01_000005 on NM: [MSRA-SA-41.fareast.corp.microsoft.com:7109],0.0,304,2015-10-18 18:02:47.841,304,2.015634298324585,2025-07-08T11:40:23.398354,Hadoop_2k.log_structured_small.csv
attempt_1445144423722_0020_m_000003_0 TaskAttempt Transitioned from ASSIGNED to RUNNING,1.0,305,2015-10-18 18:02:47.841,305,2.015634298324585,2025-07-08T11:40:23.398354,Hadoop_2k.log_structured_small.csv
ATTEMPT_START task_1445144423722_0020_m_000003,0.0,306,2015-10-18 18:02:47.841,306,2.015634298324585,2025-07-08T11:40:23.398354,Hadoop_2k.log_structured_small.csv
task_1445144423722_0020_m_000003 Task Transitioned from SCHEDULED to RUNNING,1.0,307,2015-10-18 18:02:47.841,307,2.015634298324585,2025-07-08T11:40:23.398354,Hadoop_2k.log_structured_small.csv
"getResources() for application_1445144423722_0020: ask=4 release= 0 newContainers=0 finishedContainers=0 resourcelimit=<memory:0, vCores:-27> knownNMs=4",0.0,308,2015-10-18 18:02:48.529,308,2.015634298324585,2025-07-08T11:40:23.398354,Hadoop_2k.log_structured_small.csv
"Recalculating schedule, headroom=<memory:0, vCores:-27>",0.0,309,2015-10-18 18:02:48.544,309,2.015634298324585,2025-07-08T11:40:23.398354,Hadoop_2k.log_structured_small.csv
Reduce slow start threshold not met. completedMapsForReduceSlowstart 1,0.0,310,2015-10-18 18:02:48.544,310,2.015634298324585,2025-07-08T11:40:23.398354,Hadoop_2k.log_structured_small.csv
Progress of TaskAttempt attempt_1445144423722_0020_m_000000_0 is : 0.10635664,0.0,311,2015-10-18 18:02:49.372,311,2.015634298324585,2025-07-08T11:40:23.398354,Hadoop_2k.log_structured_small.csv
"Recalculating schedule, headroom=<memory:0, vCores:-27>",0.0,312,2015-10-18 18:02:49.576,312,2.015634298324585,2025-07-08T11:40:23.398354,Hadoop_2k.log_structured_small.csv
Reduce slow start threshold not met. completedMapsForReduceSlowstart 1,0.0,313,2015-10-18 18:02:49.576,313,2.015634298324585,2025-07-08T11:40:23.398354,Hadoop_2k.log_structured_small.csv
Progress of TaskAttempt attempt_1445144423722_0020_m_000001_0 is : 0.1066108,0.0,314,2015-10-18 18:02:49.997,314,2.015634298324585,2025-07-08T11:40:23.398354,Hadoop_2k.log_structured_small.csv
Progress of TaskAttempt attempt_1445144423722_0020_m_000002_0 is : 0.10660437,0.0,315,2015-10-18 18:02:50.216,315,2.015634298324585,2025-07-08T11:40:23.398354,Hadoop_2k.log_structured_small.csv
Auth successful for job_1445144423722_0020 (auth:SIMPLE),0.0,316,2015-10-18 18:02:50.513,316,2.015634298324585,2025-07-08T11:40:23.398354,Hadoop_2k.log_structured_small.csv
JVM with ID : jvm_1445144423722_0020_m_000005 asked for a task,0.0,317,2015-10-18 18:02:50.560,317,2.015634298324585,2025-07-08T11:40:23.398354,Hadoop_2k.log_structured_small.csv
JVM with ID: jvm_1445144423722_0020_m_000005 given task: attempt_1445144423722_0020_m_000003_0,0.0,318,2015-10-18 18:02:50.560,318,2.015634298324585,2025-07-08T11:40:23.398354,Hadoop_2k.log_structured_small.csv
"Recalculating schedule, headroom=<memory:0, vCores:-27>",0.0,319,2015-10-18 18:02:50.622,319,2.015634298324585,2025-07-08T11:40:23.398354,Hadoop_2k.log_structured_small.csv
Reduce slow start threshold not met. completedMapsForReduceSlowstart 1,0.0,320,2015-10-18 18:02:50.622,320,2.015634298324585,2025-07-08T11:40:23.398354,Hadoop_2k.log_structured_small.csv
"Recalculating schedule, headroom=<memory:0, vCores:-27>",0.0,321,2015-10-18 18:02:51.654,321,2.015634298324585,2025-07-08T11:40:23.398354,Hadoop_2k.log_structured_small.csv
Reduce slow start threshold not met. completedMapsForReduceSlowstart 1,0.0,322,2015-10-18 18:02:51.654,322,2.015634298324585,2025-07-08T11:40:23.398354,Hadoop_2k.log_structured_small.csv
"Recalculating schedule, headroom=<memory:0, vCores:-27>",0.0,323,2015-10-18 18:02:52.716,323,2.015634298324585,2025-07-08T11:40:23.398354,Hadoop_2k.log_structured_small.csv
Reduce slow start threshold not met. completedMapsForReduceSlowstart 1,0.0,324,2015-10-18 18:02:52.716,324,2.015634298324585,2025-07-08T11:40:23.398354,Hadoop_2k.log_structured_small.csv
Progress of TaskAttempt attempt_1445144423722_0020_m_000000_0 is : 0.10635664,0.0,325,2015-10-18 18:02:52.841,325,2.015634298324585,2025-07-08T11:40:23.398354,Hadoop_2k.log_structured_small.csv
Progress of TaskAttempt attempt_1445144423722_0020_m_000001_0 is : 0.1066108,0.0,326,2015-10-18 18:02:53.513,326,2.015634298324585,2025-07-08T11:40:23.398354,Hadoop_2k.log_structured_small.csv
Progress of TaskAttempt attempt_1445144423722_0020_m_000002_0 is : 0.10660437,0.0,327,2015-10-18 18:02:53.685,327,2.015634298324585,2025-07-08T11:40:23.398354,Hadoop_2k.log_structured_small.csv
"Recalculating schedule, headroom=<memory:0, vCores:-27>",0.0,328,2015-10-18 18:02:53.795,328,2.015634298324585,2025-07-08T11:40:23.398354,Hadoop_2k.log_structured_small.csv
Reduce slow start threshold not met. completedMapsForReduceSlowstart 1,0.0,329,2015-10-18 18:02:53.795,329,2.015634298324585,2025-07-08T11:40:23.398354,Hadoop_2k.log_structured_small.csv
"Recalculating schedule, headroom=<memory:0, vCores:-27>",0.0,330,2015-10-18 18:02:54.826,330,2.015634298324585,2025-07-08T11:40:23.398354,Hadoop_2k.log_structured_small.csv
Reduce slow start threshold not met. completedMapsForReduceSlowstart 1,0.0,331,2015-10-18 18:02:54.826,331,2.015634298324585,2025-07-08T11:40:23.398354,Hadoop_2k.log_structured_small.csv
"Recalculating schedule, headroom=<memory:0, vCores:-27>",0.0,332,2015-10-18 18:02:55.857,332,2.015634298324585,2025-07-08T11:40:23.398354,Hadoop_2k.log_structured_small.csv
Reduce slow start threshold not met. completedMapsForReduceSlowstart 1,0.0,333,2015-10-18 18:02:55.857,333,2.015634298324585,2025-07-08T11:40:23.398354,Hadoop_2k.log_structured_small.csv
Progress of TaskAttempt attempt_1445144423722_0020_m_000000_0 is : 0.10635664,0.0,334,2015-10-18 18:02:56.185,334,2.015634298324585,2025-07-08T11:40:23.398354,Hadoop_2k.log_structured_small.csv
"Recalculating schedule, headroom=<memory:0, vCores:-27>",0.0,335,2015-10-18 18:02:56.951,335,2.015634298324585,2025-07-08T11:40:23.398354,Hadoop_2k.log_structured_small.csv
Reduce slow start threshold not met. completedMapsForReduceSlowstart 1,0.0,336,2015-10-18 18:02:56.951,336,2.015634298324585,2025-07-08T11:40:23.398354,Hadoop_2k.log_structured_small.csv
Progress of TaskAttempt attempt_1445144423722_0020_m_000001_0 is : 0.10875365,0.0,337,2015-10-18 18:02:57.060,337,2.015634298324585,2025-07-08T11:40:23.398354,Hadoop_2k.log_structured_small.csv
Progress of TaskAttempt attempt_1445144423722_0020_m_000002_0 is : 0.10660437,0.0,338,2015-10-18 18:02:57.139,338,2.015634298324585,2025-07-08T11:40:23.398354,Hadoop_2k.log_structured_small.csv
Progress of TaskAttempt attempt_1445144423722_0020_m_000003_0 is : 0.106493875,0.0,339,2015-10-18 18:02:57.639,339,2.015634298324585,2025-07-08T11:40:23.398354,Hadoop_2k.log_structured_small.csv
"Recalculating schedule, headroom=<memory:0, vCores:-27>",0.0,340,2015-10-18 18:02:58.014,340,2.015634298324585,2025-07-08T11:40:23.398354,Hadoop_2k.log_structured_small.csv
Reduce slow start threshold not met. completedMapsForReduceSlowstart 1,0.0,341,2015-10-18 18:02:58.014,341,2.015634298324585,2025-07-08T11:40:23.398354,Hadoop_2k.log_structured_small.csv
"Recalculating schedule, headroom=<memory:0, vCores:-27>",0.0,342,2015-10-18 18:02:59.061,342,2.015634298324585,2025-07-08T11:40:23.398354,Hadoop_2k.log_structured_small.csv
Reduce slow start threshold not met. completedMapsForReduceSlowstart 1,0.0,343,2015-10-18 18:02:59.061,343,2.015634298324585,2025-07-08T11:40:23.398354,Hadoop_2k.log_structured_small.csv
Progress of TaskAttempt attempt_1445144423722_0020_m_000000_0 is : 0.10635664,0.0,344,2015-10-18 18:02:59.654,344,2.015634298324585,2025-07-08T11:40:23.398354,Hadoop_2k.log_structured_small.csv
"Recalculating schedule, headroom=<memory:0, vCores:-27>",0.0,345,2015-10-18 18:03:00.123,345,2.015634298324585,2025-07-08T11:40:23.398354,Hadoop_2k.log_structured_small.csv
Reduce slow start threshold not met. completedMapsForReduceSlowstart 1,0.0,346,2015-10-18 18:03:00.123,346,2.015634298324585,2025-07-08T11:40:23.398354,Hadoop_2k.log_structured_small.csv
Progress of TaskAttempt attempt_1445144423722_0020_m_000001_0 is : 0.14981231,0.0,347,2015-10-18 18:03:00.248,347,2.015634298324585,2025-07-08T11:40:23.398354,Hadoop_2k.log_structured_small.csv
Progress of TaskAttempt attempt_1445144423722_0020_m_000002_0 is : 0.13841225,0.0,348,2015-10-18 18:03:00.264,348,2.015634298324585,2025-07-08T11:40:23.398354,Hadoop_2k.log_structured_small.csv
Progress of TaskAttempt attempt_1445144423722_0020_m_000003_0 is : 0.106493875,0.0,349,2015-10-18 18:03:00.717,349,2.015634298324585,2025-07-08T11:40:23.398354,Hadoop_2k.log_structured_small.csv
"Recalculating schedule, headroom=<memory:0, vCores:-27>",0.0,350,2015-10-18 18:03:01.201,350,2.015634298324585,2025-07-08T11:40:23.398354,Hadoop_2k.log_structured_small.csv
Reduce slow start threshold not met. completedMapsForReduceSlowstart 1,0.0,351,2015-10-18 18:03:01.201,351,2.015634298324585,2025-07-08T11:40:23.398354,Hadoop_2k.log_structured_small.csv
"Recalculating schedule, headroom=<memory:0, vCores:-27>",0.0,352,2015-10-18 18:03:02.279,352,2.015634298324585,2025-07-08T11:40:23.398354,Hadoop_2k.log_structured_small.csv
Reduce slow start threshold not met. completedMapsForReduceSlowstart 1,0.0,353,2015-10-18 18:03:02.279,353,2.015634298324585,2025-07-08T11:40:23.398354,Hadoop_2k.log_structured_small.csv
Progress of TaskAttempt attempt_1445144423722_0020_m_000000_0 is : 0.1430594,0.0,354,2015-10-18 18:03:03.154,354,2.015634298324585,2025-07-08T11:40:23.398354,Hadoop_2k.log_structured_small.csv
"Recalculating schedule, headroom=<memory:0, vCores:-27>",0.0,355,2015-10-18 18:03:03.373,355,2.015634298324585,2025-07-08T11:40:23.398354,Hadoop_2k.log_structured_small.csv
Reduce slow start threshold not met. completedMapsForReduceSlowstart 1,0.0,356,2015-10-18 18:03:03.373,356,2.015634298324585,2025-07-08T11:40:23.398354,Hadoop_2k.log_structured_small.csv
Progress of TaskAttempt attempt_1445144423722_0020_m_000001_0 is : 0.19084874,0.0,357,2015-10-18 18:03:03.576,357,2.015634298324585,2025-07-08T11:40:23.398354,Hadoop_2k.log_structured_small.csv
Progress of TaskAttempt attempt_1445144423722_0020_m_000003_0 is : 0.106493875,0.0,358,2015-10-18 18:03:03.795,358,2.015634298324585,2025-07-08T11:40:23.398354,Hadoop_2k.log_structured_small.csv
Progress of TaskAttempt attempt_1445144423722_0020_m_000002_0 is : 0.17293417,0.0,359,2015-10-18 18:03:03.795,359,2.015634298324585,2025-07-08T11:40:23.398354,Hadoop_2k.log_structured_small.csv
"Recalculating schedule, headroom=<memory:0, vCores:-27>",0.0,360,2015-10-18 18:03:04.451,360,2.015634298324585,2025-07-08T11:40:23.398354,Hadoop_2k.log_structured_small.csv
Reduce slow start threshold not met. completedMapsForReduceSlowstart 1,0.0,361,2015-10-18 18:03:04.451,361,2.015634298324585,2025-07-08T11:40:23.398354,Hadoop_2k.log_structured_small.csv
"Recalculating schedule, headroom=<memory:0, vCores:-27>",0.0,362,2015-10-18 18:03:05.514,362,2.015634298324585,2025-07-08T11:40:23.398354,Hadoop_2k.log_structured_small.csv
Reduce slow start threshold not met. completedMapsForReduceSlowstart 1,0.0,363,2015-10-18 18:03:05.514,363,2.015634298324585,2025-07-08T11:40:23.398354,Hadoop_2k.log_structured_small.csv
"Recalculating schedule, headroom=<memory:0, vCores:-27>",0.0,364,2015-10-18 18:03:06.561,364,2.015634298324585,2025-07-08T11:40:23.398354,Hadoop_2k.log_structured_small.csv
Reduce slow start threshold not met. completedMapsForReduceSlowstart 1,0.0,365,2015-10-18 18:03:06.561,365,2.015634298324585,2025-07-08T11:40:23.398354,Hadoop_2k.log_structured_small.csv
Progress of TaskAttempt attempt_1445144423722_0020_m_000000_0 is : 0.1795899,0.0,366,2015-10-18 18:03:06.702,366,2.015634298324585,2025-07-08T11:40:23.398354,Hadoop_2k.log_structured_small.csv
Progress of TaskAttempt attempt_1445144423722_0020_m_000003_0 is : 0.17982168,0.0,367,2015-10-18 18:03:06.827,367,2.015634298324585,2025-07-08T11:40:23.398354,Hadoop_2k.log_structured_small.csv
Progress of TaskAttempt attempt_1445144423722_0020_m_000001_0 is : 0.19211523,0.0,368,2015-10-18 18:03:07.077,368,2.015634298324585,2025-07-08T11:40:23.398354,Hadoop_2k.log_structured_small.csv
Progress of TaskAttempt attempt_1445144423722_0020_m_000002_0 is : 0.19212553,0.0,369,2015-10-18 18:03:07.358,369,2.015634298324585,2025-07-08T11:40:23.398354,Hadoop_2k.log_structured_small.csv
"Recalculating schedule, headroom=<memory:0, vCores:-27>",0.0,370,2015-10-18 18:03:07.608,370,2.015634298324585,2025-07-08T11:40:23.398354,Hadoop_2k.log_structured_small.csv
Reduce slow start threshold not met. completedMapsForReduceSlowstart 1,0.0,371,2015-10-18 18:03:07.608,371,2.015634298324585,2025-07-08T11:40:23.398354,Hadoop_2k.log_structured_small.csv
"Recalculating schedule, headroom=<memory:0, vCores:-27>",0.0,372,2015-10-18 18:03:08.655,372,2.015634298324585,2025-07-08T11:40:23.398354,Hadoop_2k.log_structured_small.csv
Reduce slow start threshold not met. completedMapsForReduceSlowstart 1,0.0,373,2015-10-18 18:03:08.655,373,2.015634298324585,2025-07-08T11:40:23.398354,Hadoop_2k.log_structured_small.csv
"Recalculating schedule, headroom=<memory:0, vCores:-27>",0.0,374,2015-10-18 18:03:09.702,374,2.015634298324585,2025-07-08T11:40:23.398354,Hadoop_2k.log_structured_small.csv
Reduce slow start threshold not met. completedMapsForReduceSlowstart 1,0.0,375,2015-10-18 18:03:09.702,375,2.015634298324585,2025-07-08T11:40:23.398354,Hadoop_2k.log_structured_small.csv
Progress of TaskAttempt attempt_1445144423722_0020_m_000003_0 is : 0.19209063,0.0,376,2015-10-18 18:03:09.858,376,2.015634298324585,2025-07-08T11:40:23.398354,Hadoop_2k.log_structured_small.csv
Progress of TaskAttempt attempt_1445144423722_0020_m_000000_0 is : 0.19158794,0.0,377,2015-10-18 18:03:10.171,377,2.015634298324585,2025-07-08T11:40:23.398354,Hadoop_2k.log_structured_small.csv
Progress of TaskAttempt attempt_1445144423722_0020_m_000001_0 is : 0.19211523,0.0,378,2015-10-18 18:03:10.561,378,2.015634298324585,2025-07-08T11:40:23.398354,Hadoop_2k.log_structured_small.csv
"Recalculating schedule, headroom=<memory:0, vCores:-27>",0.0,379,2015-10-18 18:03:10.733,379,2.015634298324585,2025-07-08T11:40:23.398354,Hadoop_2k.log_structured_small.csv
Reduce slow start threshold not met. completedMapsForReduceSlowstart 1,0.0,380,2015-10-18 18:03:10.733,380,2.015634298324585,2025-07-08T11:40:23.398354,Hadoop_2k.log_structured_small.csv
Progress of TaskAttempt attempt_1445144423722_0020_m_000002_0 is : 0.19212553,0.0,381,2015-10-18 18:03:10.733,381,2.015634298324585,2025-07-08T11:40:23.398354,Hadoop_2k.log_structured_small.csv
"Recalculating schedule, headroom=<memory:0, vCores:-27>",0.0,382,2015-10-18 18:03:11.764,382,2.015634298324585,2025-07-08T11:40:23.398354,Hadoop_2k.log_structured_small.csv
Reduce slow start threshold not met. completedMapsForReduceSlowstart 1,0.0,383,2015-10-18 18:03:11.764,383,2.015634298324585,2025-07-08T11:40:23.398354,Hadoop_2k.log_structured_small.csv
"Recalculating schedule, headroom=<memory:0, vCores:-27>",0.0,384,2015-10-18 18:03:12.796,384,2.015634298324585,2025-07-08T11:40:23.398354,Hadoop_2k.log_structured_small.csv
Reduce slow start threshold not met. completedMapsForReduceSlowstart 1,0.0,385,2015-10-18 18:03:12.796,385,2.015634298324585,2025-07-08T11:40:23.398354,Hadoop_2k.log_structured_small.csv
Progress of TaskAttempt attempt_1445144423722_0020_m_000003_0 is : 0.19209063,0.0,386,2015-10-18 18:03:12.874,386,2.015634298324585,2025-07-08T11:40:23.398354,Hadoop_2k.log_structured_small.csv
Progress of TaskAttempt attempt_1445144423722_0020_m_000000_0 is : 0.19158794,0.0,387,2015-10-18 18:03:13.577,387,2.015634298324585,2025-07-08T11:40:23.398354,Hadoop_2k.log_structured_small.csv
"Recalculating schedule, headroom=<memory:0, vCores:-27>",0.0,388,2015-10-18 18:03:13.827,388,2.015634298324585,2025-07-08T11:40:23.398354,Hadoop_2k.log_structured_small.csv
Reduce slow start threshold not met. completedMapsForReduceSlowstart 1,0.0,389,2015-10-18 18:03:13.827,389,2.015634298324585,2025-07-08T11:40:23.398354,Hadoop_2k.log_structured_small.csv
Progress of TaskAttempt attempt_1445144423722_0020_m_000001_0 is : 0.19211523,0.0,390,2015-10-18 18:03:13.983,390,2.015634298324585,2025-07-08T11:40:23.398354,Hadoop_2k.log_structured_small.csv
Progress of TaskAttempt attempt_1445144423722_0020_m_000002_0 is : 0.19212553,0.0,391,2015-10-18 18:03:14.155,391,2.015634298324585,2025-07-08T11:40:23.398354,Hadoop_2k.log_structured_small.csv
"Recalculating schedule, headroom=<memory:0, vCores:-27>",0.0,392,2015-10-18 18:03:14.843,392,2.015634298324585,2025-07-08T11:40:23.398354,Hadoop_2k.log_structured_small.csv
Reduce slow start threshold not met. completedMapsForReduceSlowstart 1,0.0,393,2015-10-18 18:03:14.843,393,2.015634298324585,2025-07-08T11:40:23.398354,Hadoop_2k.log_structured_small.csv
"Recalculating schedule, headroom=<memory:0, vCores:-27>",0.0,394,2015-10-18 18:03:15.858,394,2.015634298324585,2025-07-08T11:40:23.398354,Hadoop_2k.log_structured_small.csv
Reduce slow start threshold not met. completedMapsForReduceSlowstart 1,0.0,395,2015-10-18 18:03:15.858,395,2.015634298324585,2025-07-08T11:40:23.398354,Hadoop_2k.log_structured_small.csv
Progress of TaskAttempt attempt_1445144423722_0020_m_000003_0 is : 0.20639901,0.0,396,2015-10-18 18:03:15.921,396,2.015634298324585,2025-07-08T11:40:23.398354,Hadoop_2k.log_structured_small.csv
"Recalculating schedule, headroom=<memory:0, vCores:-27>",0.0,397,2015-10-18 18:03:16.905,397,2.015634298324585,2025-07-08T11:40:23.398354,Hadoop_2k.log_structured_small.csv
Reduce slow start threshold not met. completedMapsForReduceSlowstart 1,0.0,398,2015-10-18 18:03:16.905,398,2.015634298324585,2025-07-08T11:40:23.398354,Hadoop_2k.log_structured_small.csv
Progress of TaskAttempt attempt_1445144423722_0020_m_000000_0 is : 0.19158794,0.0,399,2015-10-18 18:03:17.296,399,2.015634298324585,2025-07-08T11:40:23.398354,Hadoop_2k.log_structured_small.csv
Progress of TaskAttempt attempt_1445144423722_0020_m_000001_0 is : 0.19211523,0.0,400,2015-10-18 18:03:17.562,400,2.015634298324585,2025-07-08T11:40:23.398354,Hadoop_2k.log_structured_small.csv
Progress of TaskAttempt attempt_1445144423722_0020_m_000002_0 is : 0.19212553,0.0,401,2015-10-18 18:03:17.874,401,2.015634298324585,2025-07-08T11:40:23.398354,Hadoop_2k.log_structured_small.csv
"Recalculating schedule, headroom=<memory:0, vCores:-27>",0.0,402,2015-10-18 18:03:17.968,402,2.015634298324585,2025-07-08T11:40:23.398354,Hadoop_2k.log_structured_small.csv
Reduce slow start threshold not met. completedMapsForReduceSlowstart 1,0.0,403,2015-10-18 18:03:17.968,403,2.015634298324585,2025-07-08T11:40:23.398354,Hadoop_2k.log_structured_small.csv
Progress of TaskAttempt attempt_1445144423722_0020_m_000003_0 is : 0.27765483,0.0,404,2015-10-18 18:03:18.968,404,2.015634298324585,2025-07-08T11:40:23.398354,Hadoop_2k.log_structured_small.csv
"Recalculating schedule, headroom=<memory:0, vCores:-27>",0.0,405,2015-10-18 18:03:18.999,405,2.015634298324585,2025-07-08T11:40:23.398354,Hadoop_2k.log_structured_small.csv
Reduce slow start threshold not met. completedMapsForReduceSlowstart 1,0.0,406,2015-10-18 18:03:18.999,406,2.015634298324585,2025-07-08T11:40:23.398354,Hadoop_2k.log_structured_small.csv
"Recalculating schedule, headroom=<memory:0, vCores:-27>",0.0,407,2015-10-18 18:03:20.077,407,2.015634298324585,2025-07-08T11:40:23.398354,Hadoop_2k.log_structured_small.csv
Reduce slow start threshold not met. completedMapsForReduceSlowstart 1,0.0,408,2015-10-18 18:03:20.077,408,2.015634298324585,2025-07-08T11:40:23.398354,Hadoop_2k.log_structured_small.csv
Progress of TaskAttempt attempt_1445144423722_0020_m_000000_0 is : 0.19158794,0.0,409,2015-10-18 18:03:20.890,409,2.015634298324585,2025-07-08T11:40:23.398354,Hadoop_2k.log_structured_small.csv
Progress of TaskAttempt attempt_1445144423722_0020_m_000001_0 is : 0.19211523,0.0,410,2015-10-18 18:03:21.062,410,2.015634298324585,2025-07-08T11:40:23.398354,Hadoop_2k.log_structured_small.csv
"Recalculating schedule, headroom=<memory:0, vCores:-27>",0.0,411,2015-10-18 18:03:21.327,411,2.015634298324585,2025-07-08T11:40:23.398354,Hadoop_2k.log_structured_small.csv
Reduce slow start threshold not met. completedMapsForReduceSlowstart 1,0.0,412,2015-10-18 18:03:21.327,412,2.015634298324585,2025-07-08T11:40:23.398354,Hadoop_2k.log_structured_small.csv
Progress of TaskAttempt attempt_1445144423722_0020_m_000002_0 is : 0.19212553,0.0,413,2015-10-18 18:03:21.609,413,2.015634298324585,2025-07-08T11:40:23.398354,Hadoop_2k.log_structured_small.csv
Progress of TaskAttempt attempt_1445144423722_0020_m_000003_0 is : 0.27765483,0.0,414,2015-10-18 18:03:22.109,414,2.015634298324585,2025-07-08T11:40:23.398354,Hadoop_2k.log_structured_small.csv
"Recalculating schedule, headroom=<memory:0, vCores:-27>",0.0,415,2015-10-18 18:03:22.437,415,2.015634298324585,2025-07-08T11:40:23.398354,Hadoop_2k.log_structured_small.csv
Reduce slow start threshold not met. completedMapsForReduceSlowstart 1,0.0,416,2015-10-18 18:03:22.437,416,2.015634298324585,2025-07-08T11:40:23.398354,Hadoop_2k.log_structured_small.csv
"Recalculating schedule, headroom=<memory:0, vCores:-27>",0.0,417,2015-10-18 18:03:23.484,417,2.015634298324585,2025-07-08T11:40:23.398354,Hadoop_2k.log_structured_small.csv
Reduce slow start threshold not met. completedMapsForReduceSlowstart 1,0.0,418,2015-10-18 18:03:23.484,418,2.015634298324585,2025-07-08T11:40:23.398354,Hadoop_2k.log_structured_small.csv
Progress of TaskAttempt attempt_1445144423722_0020_m_000000_0 is : 0.19158794,0.0,419,2015-10-18 18:03:24.390,419,2.015634298324585,2025-07-08T11:40:23.398354,Hadoop_2k.log_structured_small.csv
"Recalculating schedule, headroom=<memory:0, vCores:-27>",0.0,420,2015-10-18 18:03:24.546,420,2.015634298324585,2025-07-08T11:40:23.398354,Hadoop_2k.log_structured_small.csv
Reduce slow start threshold not met. completedMapsForReduceSlowstart 1,0.0,421,2015-10-18 18:03:24.546,421,2.015634298324585,2025-07-08T11:40:23.398354,Hadoop_2k.log_structured_small.csv
Progress of TaskAttempt attempt_1445144423722_0020_m_000001_0 is : 0.19211523,0.0,422,2015-10-18 18:03:24.562,422,2.015634298324585,2025-07-08T11:40:23.398354,Hadoop_2k.log_structured_small.csv
Progress of TaskAttempt attempt_1445144423722_0020_m_000003_0 is : 0.27765483,0.0,423,2015-10-18 18:03:25.281,423,2.015634298324585,2025-07-08T11:40:23.398354,Hadoop_2k.log_structured_small.csv
Progress of TaskAttempt attempt_1445144423722_0020_m_000002_0 is : 0.19212553,0.0,424,2015-10-18 18:03:25.406,424,2.015634298324585,2025-07-08T11:40:23.398354,Hadoop_2k.log_structured_small.csv
"Recalculating schedule, headroom=<memory:0, vCores:-27>",0.0,425,2015-10-18 18:03:25.953,425,2.015634298324585,2025-07-08T11:40:23.398354,Hadoop_2k.log_structured_small.csv
Reduce slow start threshold not met. completedMapsForReduceSlowstart 1,0.0,426,2015-10-18 18:03:25.953,426,2.015634298324585,2025-07-08T11:40:23.398354,Hadoop_2k.log_structured_small.csv
"Recalculating schedule, headroom=<memory:0, vCores:-27>",0.0,427,2015-10-18 18:03:26.984,427,2.015634298324585,2025-07-08T11:40:23.398354,Hadoop_2k.log_structured_small.csv
Reduce slow start threshold not met. completedMapsForReduceSlowstart 1,0.0,428,2015-10-18 18:03:26.984,428,2.015634298324585,2025-07-08T11:40:23.398354,Hadoop_2k.log_structured_small.csv
Progress of TaskAttempt attempt_1445144423722_0020_m_000000_0 is : 0.19158794,0.0,429,2015-10-18 18:03:27.875,429,2.015634298324585,2025-07-08T11:40:23.398354,Hadoop_2k.log_structured_small.csv
Progress of TaskAttempt attempt_1445144423722_0020_m_000001_0 is : 0.19211523,0.0,430,2015-10-18 18:03:28.000,430,2.015634298324585,2025-07-08T11:40:23.398354,Hadoop_2k.log_structured_small.csv
"Recalculating schedule, headroom=<memory:0, vCores:-27>",0.0,431,2015-10-18 18:03:28.109,431,2.015634298324585,2025-07-08T11:40:23.398354,Hadoop_2k.log_structured_small.csv
Reduce slow start threshold not met. completedMapsForReduceSlowstart 1,0.0,432,2015-10-18 18:03:28.109,432,2.015634298324585,2025-07-08T11:40:23.398354,Hadoop_2k.log_structured_small.csv
Progress of TaskAttempt attempt_1445144423722_0020_m_000003_0 is : 0.358454,0.0,433,2015-10-18 18:03:28.297,433,2.015634298324585,2025-07-08T11:40:23.398354,Hadoop_2k.log_structured_small.csv
Progress of TaskAttempt attempt_1445144423722_0020_m_000002_0 is : 0.19212553,0.0,434,2015-10-18 18:03:28.937,434,2.015634298324585,2025-07-08T11:40:23.398354,Hadoop_2k.log_structured_small.csv
"Recalculating schedule, headroom=<memory:0, vCores:-27>",0.0,435,2015-10-18 18:03:29.297,435,2.015634298324585,2025-07-08T11:40:23.398354,Hadoop_2k.log_structured_small.csv
Reduce slow start threshold not met. completedMapsForReduceSlowstart 1,0.0,436,2015-10-18 18:03:29.297,436,2.015634298324585,2025-07-08T11:40:23.398354,Hadoop_2k.log_structured_small.csv
"Recalculating schedule, headroom=<memory:0, vCores:-27>",0.0,437,2015-10-18 18:03:30.531,437,2.015634298324585,2025-07-08T11:40:23.398354,Hadoop_2k.log_structured_small.csv
Reduce slow start threshold not met. completedMapsForReduceSlowstart 1,0.0,438,2015-10-18 18:03:30.531,438,2.015634298324585,2025-07-08T11:40:23.398354,Hadoop_2k.log_structured_small.csv
Progress of TaskAttempt attempt_1445144423722_0020_m_000003_0 is : 0.36323506,0.0,439,2015-10-18 18:03:31.328,439,2.015634298324585,2025-07-08T11:40:23.398354,Hadoop_2k.log_structured_small.csv
Progress of TaskAttempt attempt_1445144423722_0020_m_000000_0 is : 0.19158794,0.0,440,2015-10-18 18:03:31.391,440,2.015634298324585,2025-07-08T11:40:23.398354,Hadoop_2k.log_structured_small.csv
"Recalculating schedule, headroom=<memory:0, vCores:-27>",0.0,441,2015-10-18 18:03:31.656,441,2.015634298324585,2025-07-08T11:40:23.398354,Hadoop_2k.log_structured_small.csv
Reduce slow start threshold not met. completedMapsForReduceSlowstart 1,0.0,442,2015-10-18 18:03:31.656,442,2.015634298324585,2025-07-08T11:40:23.398354,Hadoop_2k.log_structured_small.csv
Progress of TaskAttempt attempt_1445144423722_0020_m_000001_0 is : 0.19211523,0.0,443,2015-10-18 18:03:32.250,443,2.015634298324585,2025-07-08T11:40:23.398354,Hadoop_2k.log_structured_small.csv
Progress of TaskAttempt attempt_1445144423722_0020_m_000002_0 is : 0.19212553,0.0,444,2015-10-18 18:03:32.641,444,2.015634298324585,2025-07-08T11:40:23.398354,Hadoop_2k.log_structured_small.csv
"Recalculating schedule, headroom=<memory:0, vCores:-27>",0.0,445,2015-10-18 18:03:32.984,445,2.015634298324585,2025-07-08T11:40:23.398354,Hadoop_2k.log_structured_small.csv
Reduce slow start threshold not met. completedMapsForReduceSlowstart 1,0.0,446,2015-10-18 18:03:32.984,446,2.015634298324585,2025-07-08T11:40:23.398354,Hadoop_2k.log_structured_small.csv
"Recalculating schedule, headroom=<memory:0, vCores:-27>",0.0,447,2015-10-18 18:03:34.188,447,2.015634298324585,2025-07-08T11:40:23.398354,Hadoop_2k.log_structured_small.csv
Reduce slow start threshold not met. completedMapsForReduceSlowstart 1,0.0,448,2015-10-18 18:03:34.188,448,2.015634298324585,2025-07-08T11:40:23.398354,Hadoop_2k.log_structured_small.csv
Progress of TaskAttempt attempt_1445144423722_0020_m_000003_0 is : 0.36323506,0.0,449,2015-10-18 18:03:34.422,449,2.015634298324585,2025-07-08T11:40:23.398354,Hadoop_2k.log_structured_small.csv
Progress of TaskAttempt attempt_1445144423722_0020_m_000000_0 is : 0.19158794,0.0,450,2015-10-18 18:03:34.844,450,2.015634298324585,2025-07-08T11:40:23.398354,Hadoop_2k.log_structured_small.csv
"Recalculating schedule, headroom=<memory:0, vCores:-27>",0.0,451,2015-10-18 18:03:35.250,451,2.015634298324585,2025-07-08T11:40:23.398354,Hadoop_2k.log_structured_small.csv
Reduce slow start threshold not met. completedMapsForReduceSlowstart 1,0.0,452,2015-10-18 18:03:35.250,452,2.015634298324585,2025-07-08T11:40:23.398354,Hadoop_2k.log_structured_small.csv
Progress of TaskAttempt attempt_1445144423722_0020_m_000001_0 is : 0.20757815,0.0,453,2015-10-18 18:03:35.625,453,2.015634298324585,2025-07-08T11:40:23.398354,Hadoop_2k.log_structured_small.csv
Progress of TaskAttempt attempt_1445144423722_0020_m_000002_0 is : 0.19212553,0.0,454,2015-10-18 18:03:36.063,454,2.015634298324585,2025-07-08T11:40:23.398354,Hadoop_2k.log_structured_small.csv
"Recalculating schedule, headroom=<memory:0, vCores:-27>",0.0,455,2015-10-18 18:03:36.297,455,2.015634298324585,2025-07-08T11:40:23.398354,Hadoop_2k.log_structured_small.csv
Reduce slow start threshold not met. completedMapsForReduceSlowstart 1,0.0,456,2015-10-18 18:03:36.297,456,2.015634298324585,2025-07-08T11:40:23.398354,Hadoop_2k.log_structured_small.csv
"Recalculating schedule, headroom=<memory:0, vCores:-27>",0.0,457,2015-10-18 18:03:37.391,457,2.015634298324585,2025-07-08T11:40:23.398354,Hadoop_2k.log_structured_small.csv
Reduce slow start threshold not met. completedMapsForReduceSlowstart 1,0.0,458,2015-10-18 18:03:37.391,458,2.015634298324585,2025-07-08T11:40:23.398354,Hadoop_2k.log_structured_small.csv
Progress of TaskAttempt attempt_1445144423722_0020_m_000003_0 is : 0.36323506,0.0,459,2015-10-18 18:03:37.532,459,2.015634298324585,2025-07-08T11:40:23.398354,Hadoop_2k.log_structured_small.csv
Progress of TaskAttempt attempt_1445144423722_0020_m_000000_0 is : 0.19158794,0.0,460,2015-10-18 18:03:38.360,460,2.015634298324585,2025-07-08T11:40:23.398354,Hadoop_2k.log_structured_small.csv
"Recalculating schedule, headroom=<memory:0, vCores:-27>",0.0,461,2015-10-18 18:03:38.500,461,2.015634298324585,2025-07-08T11:40:23.398354,Hadoop_2k.log_structured_small.csv
Reduce slow start threshold not met. completedMapsForReduceSlowstart 1,0.0,462,2015-10-18 18:03:38.500,462,2.015634298324585,2025-07-08T11:40:23.398354,Hadoop_2k.log_structured_small.csv
Progress of TaskAttempt attempt_1445144423722_0020_m_000001_0 is : 0.24035259,0.0,463,2015-10-18 18:03:38.875,463,2.015634298324585,2025-07-08T11:40:23.398354,Hadoop_2k.log_structured_small.csv
Progress of TaskAttempt attempt_1445144423722_0020_m_000002_0 is : 0.22765201,0.0,464,2015-10-18 18:03:39.219,464,2.015634298324585,2025-07-08T11:40:23.398354,Hadoop_2k.log_structured_small.csv
"Recalculating schedule, headroom=<memory:0, vCores:-27>",0.0,465,2015-10-18 18:03:39.625,465,2.015634298324585,2025-07-08T11:40:23.398354,Hadoop_2k.log_structured_small.csv
Reduce slow start threshold not met. completedMapsForReduceSlowstart 1,0.0,466,2015-10-18 18:03:39.625,466,2.015634298324585,2025-07-08T11:40:23.398354,Hadoop_2k.log_structured_small.csv
Progress of TaskAttempt attempt_1445144423722_0020_m_000003_0 is : 0.4486067,0.0,467,2015-10-18 18:03:40.610,467,2.015634298324585,2025-07-08T11:40:23.398354,Hadoop_2k.log_structured_small.csv
"Recalculating schedule, headroom=<memory:0, vCores:-27>",0.0,468,2015-10-18 18:03:40.688,468,2.015634298324585,2025-07-08T11:40:23.398354,Hadoop_2k.log_structured_small.csv
Reduce slow start threshold not met. completedMapsForReduceSlowstart 1,0.0,469,2015-10-18 18:03:40.688,469,2.015634298324585,2025-07-08T11:40:23.398354,Hadoop_2k.log_structured_small.csv
"Recalculating schedule, headroom=<memory:0, vCores:-27>",0.0,470,2015-10-18 18:03:41.766,470,2.015634298324585,2025-07-08T11:40:23.398354,Hadoop_2k.log_structured_small.csv
Reduce slow start threshold not met. completedMapsForReduceSlowstart 1,0.0,471,2015-10-18 18:03:41.766,471,2.015634298324585,2025-07-08T11:40:23.398354,Hadoop_2k.log_structured_small.csv
Progress of TaskAttempt attempt_1445144423722_0020_m_000000_0 is : 0.19716828,0.0,472,2015-10-18 18:03:41.907,472,2.015634298324585,2025-07-08T11:40:23.398354,Hadoop_2k.log_structured_small.csv
Progress of TaskAttempt attempt_1445144423722_0020_m_000001_0 is : 0.26542902,0.0,473,2015-10-18 18:03:42.391,473,2.015634298324585,2025-07-08T11:40:23.398354,Hadoop_2k.log_structured_small.csv
Progress of TaskAttempt attempt_1445144423722_0020_m_000002_0 is : 0.26314905,0.0,474,2015-10-18 18:03:42.719,474,2.015634298324585,2025-07-08T11:40:23.398354,Hadoop_2k.log_structured_small.csv
"Recalculating schedule, headroom=<memory:0, vCores:-27>",0.0,475,2015-10-18 18:03:42.907,475,2.015634298324585,2025-07-08T11:40:23.398354,Hadoop_2k.log_structured_small.csv
Reduce slow start threshold not met. completedMapsForReduceSlowstart 1,0.0,476,2015-10-18 18:03:42.907,476,2.015634298324585,2025-07-08T11:40:23.398354,Hadoop_2k.log_structured_small.csv
Progress of TaskAttempt attempt_1445144423722_0020_m_000003_0 is : 0.4486067,0.0,477,2015-10-18 18:03:43.766,477,2.015634298324585,2025-07-08T11:40:23.398354,Hadoop_2k.log_structured_small.csv
"Recalculating schedule, headroom=<memory:0, vCores:-27>",0.0,478,2015-10-18 18:03:44.048,478,2.015634298324585,2025-07-08T11:40:23.398354,Hadoop_2k.log_structured_small.csv
Reduce slow start threshold not met. completedMapsForReduceSlowstart 1,0.0,479,2015-10-18 18:03:44.048,479,2.015634298324585,2025-07-08T11:40:23.398354,Hadoop_2k.log_structured_small.csv
"Recalculating schedule, headroom=<memory:0, vCores:-27>",0.0,480,2015-10-18 18:03:45.063,480,2.015634298324585,2025-07-08T11:40:23.398354,Hadoop_2k.log_structured_small.csv
Reduce slow start threshold not met. completedMapsForReduceSlowstart 1,0.0,481,2015-10-18 18:03:45.063,481,2.015634298324585,2025-07-08T11:40:23.398354,Hadoop_2k.log_structured_small.csv
Progress of TaskAttempt attempt_1445144423722_0020_m_000000_0 is : 0.23859076,0.0,482,2015-10-18 18:03:45.345,482,2.015634298324585,2025-07-08T11:40:23.398354,Hadoop_2k.log_structured_small.csv
Progress of TaskAttempt attempt_1445144423722_0020_m_000001_0 is : 0.27776006,0.0,483,2015-10-18 18:03:45.876,483,2.015634298324585,2025-07-08T11:40:23.398354,Hadoop_2k.log_structured_small.csv
"Recalculating schedule, headroom=<memory:0, vCores:-27>",0.0,484,2015-10-18 18:03:46.157,484,2.015634298324585,2025-07-08T11:40:23.398354,Hadoop_2k.log_structured_small.csv
Reduce slow start threshold not met. completedMapsForReduceSlowstart 1,0.0,485,2015-10-18 18:03:46.157,485,2.015634298324585,2025-07-08T11:40:23.398354,Hadoop_2k.log_structured_small.csv
Progress of TaskAttempt attempt_1445144423722_0020_m_000002_0 is : 0.27772525,0.0,486,2015-10-18 18:03:46.282,486,2.015634298324585,2025-07-08T11:40:23.398354,Hadoop_2k.log_structured_small.csv
Progress of TaskAttempt attempt_1445144423722_0020_m_000003_0 is : 0.4486067,0.0,487,2015-10-18 18:03:46.813,487,2.015634298324585,2025-07-08T11:40:23.398354,Hadoop_2k.log_structured_small.csv
"Recalculating schedule, headroom=<memory:0, vCores:-27>",0.0,488,2015-10-18 18:03:47.173,488,2.015634298324585,2025-07-08T11:40:23.398354,Hadoop_2k.log_structured_small.csv
Reduce slow start threshold not met. completedMapsForReduceSlowstart 1,0.0,489,2015-10-18 18:03:47.173,489,2.015634298324585,2025-07-08T11:40:23.398354,Hadoop_2k.log_structured_small.csv
"Recalculating schedule, headroom=<memory:0, vCores:-27>",0.0,490,2015-10-18 18:03:48.204,490,2.015634298324585,2025-07-08T11:40:23.398354,Hadoop_2k.log_structured_small.csv
Reduce slow start threshold not met. completedMapsForReduceSlowstart 1,0.0,491,2015-10-18 18:03:48.204,491,2.015634298324585,2025-07-08T11:40:23.398354,Hadoop_2k.log_structured_small.csv
Progress of TaskAttempt attempt_1445144423722_0020_m_000001_0 is : 0.27776006,0.0,492,2015-10-18 18:03:49.189,492,2.015634298324585,2025-07-08T11:40:23.398354,Hadoop_2k.log_structured_small.csv
"Recalculating schedule, headroom=<memory:0, vCores:-27>",0.0,493,2015-10-18 18:03:49.235,493,2.015634298324585,2025-07-08T11:40:23.398354,Hadoop_2k.log_structured_small.csv
Reduce slow start threshold not met. completedMapsForReduceSlowstart 1,0.0,494,2015-10-18 18:03:49.235,494,2.015634298324585,2025-07-08T11:40:23.398354,Hadoop_2k.log_structured_small.csv
Progress of TaskAttempt attempt_1445144423722_0020_m_000000_0 is : 0.2754006,0.0,495,2015-10-18 18:03:49.360,495,2.015634298324585,2025-07-08T11:40:23.398354,Hadoop_2k.log_structured_small.csv
Progress of TaskAttempt attempt_1445144423722_0020_m_000002_0 is : 0.27772525,0.0,496,2015-10-18 18:03:49.735,496,2.015634298324585,2025-07-08T11:40:23.398354,Hadoop_2k.log_structured_small.csv
Progress of TaskAttempt attempt_1445144423722_0020_m_000003_0 is : 0.5091932,0.0,497,2015-10-18 18:03:49.845,497,2.015634298324585,2025-07-08T11:40:23.398354,Hadoop_2k.log_structured_small.csv
"Recalculating schedule, headroom=<memory:0, vCores:-27>",0.0,498,2015-10-18 18:03:50.267,498,2.015634298324585,2025-07-08T11:40:23.398354,Hadoop_2k.log_structured_small.csv
Reduce slow start threshold not met. completedMapsForReduceSlowstart 1,0.0,499,2015-10-18 18:03:50.267,499,2.015634298324585,2025-07-08T11:40:23.398354,Hadoop_2k.log_structured_small.csv
